-- phpMyAdmin SQL Dump
-- version 4.7.9
-- https://www.phpmyadmin.net/
--
-- Host: 127.0.0.1
-- Generation Time: Mar 28, 2018 at 03:27 PM
-- Server version: 10.1.31-MariaDB
-- PHP Version: 7.2.3

SET SQL_MODE = "NO_AUTO_VALUE_ON_ZERO";
SET AUTOCOMMIT = 0;
START TRANSACTION;
SET time_zone = "+00:00";


/*!40101 SET @OLD_CHARACTER_SET_CLIENT=@@CHARACTER_SET_CLIENT */;
/*!40101 SET @OLD_CHARACTER_SET_RESULTS=@@CHARACTER_SET_RESULTS */;
/*!40101 SET @OLD_COLLATION_CONNECTION=@@COLLATION_CONNECTION */;
/*!40101 SET NAMES utf8mb4 */;

--
-- Database: `ecommerceepi`
--

-- --------------------------------------------------------

--
-- Table structure for table `migrations`
--

CREATE TABLE `migrations` (
  `id` int(10) UNSIGNED NOT NULL,
  `migration` varchar(191) COLLATE utf8mb4_unicode_ci NOT NULL,
  `batch` int(11) NOT NULL
) ENGINE=InnoDB DEFAULT CHARSET=utf8mb4 COLLATE=utf8mb4_unicode_ci;

--
-- Dumping data for table `migrations`
--

INSERT INTO `migrations` (`id`, `migration`, `batch`) VALUES
(1, '2014_10_12_000000_create_users_table', 1),
(2, '2014_10_12_100000_create_password_resets_table', 1),
(3, '2018_03_28_123009_create_products_table', 1),
(4, '2018_03_28_123028_create_reviews_table', 1);

-- --------------------------------------------------------

--
-- Table structure for table `password_resets`
--

CREATE TABLE `password_resets` (
  `email` varchar(191) COLLATE utf8mb4_unicode_ci NOT NULL,
  `token` varchar(191) COLLATE utf8mb4_unicode_ci NOT NULL,
  `created_at` timestamp NULL DEFAULT NULL
) ENGINE=InnoDB DEFAULT CHARSET=utf8mb4 COLLATE=utf8mb4_unicode_ci;

-- --------------------------------------------------------

--
-- Table structure for table `products`
--

CREATE TABLE `products` (
  `id` int(10) UNSIGNED NOT NULL,
  `name` varchar(191) COLLATE utf8mb4_unicode_ci NOT NULL,
  `detail` text COLLATE utf8mb4_unicode_ci NOT NULL,
  `price` int(11) NOT NULL,
  `stock` int(11) NOT NULL,
  `discount` int(11) NOT NULL,
  `created_at` timestamp NULL DEFAULT NULL,
  `updated_at` timestamp NULL DEFAULT NULL
) ENGINE=InnoDB DEFAULT CHARSET=utf8mb4 COLLATE=utf8mb4_unicode_ci;

--
-- Dumping data for table `products`
--

INSERT INTO `products` (`id`, `name`, `detail`, `price`, `stock`, `discount`, `created_at`, `updated_at`) VALUES
(1, 'tempore', 'Illo natus earum pariatur maxime. Et mollitia autem tempora accusantium qui. Ipsum impedit alias quam et.', 201, 1, 16, '2018-03-28 12:24:30', '2018-03-28 12:24:30'),
(2, 'ullam', 'Omnis vero quibusdam autem mollitia totam in. Non deserunt quae labore et asperiores. Rerum quaerat est sint.', 145, 5, 13, '2018-03-28 12:24:30', '2018-03-28 12:24:30'),
(3, 'voluptatum', 'Magnam labore deleniti assumenda corporis fugiat voluptatibus. Nisi iure quod qui vel est iste libero. Expedita molestias rerum nostrum accusantium asperiores id.', 511, 1, 23, '2018-03-28 12:24:30', '2018-03-28 12:24:30'),
(4, 'autem', 'Autem amet in quam ea provident eius saepe. Animi laboriosam assumenda corrupti culpa exercitationem omnis reprehenderit. Voluptatem quis et fugiat quae adipisci ut.', 333, 5, 5, '2018-03-28 12:24:30', '2018-03-28 12:24:30'),
(5, 'praesentium', 'Asperiores in maxime accusamus blanditiis reiciendis officiis culpa. Fugit enim provident architecto sint aut minima dolorem eos. Consequatur omnis molestias voluptate sed distinctio at beatae. Earum pariatur saepe est recusandae.', 486, 7, 25, '2018-03-28 12:24:30', '2018-03-28 12:24:30'),
(6, 'tempora', 'Perspiciatis velit numquam excepturi aliquid aut odit. Perspiciatis eaque magni vero quia consequatur quas. Nostrum hic ut recusandae sed. Atque voluptas non quae ratione veniam.', 283, 5, 20, '2018-03-28 12:24:30', '2018-03-28 12:24:30'),
(7, 'aliquam', 'Sed laborum sit nulla nesciunt placeat natus accusantium iure. Sint porro est id inventore consequuntur et exercitationem. Minima ipsum reprehenderit cumque rerum. Sed quaerat explicabo eveniet animi.', 286, 6, 6, '2018-03-28 12:24:30', '2018-03-28 12:24:30'),
(8, 'quia', 'Quia earum ipsa et. Non ut fuga nemo illum dolorem sed aperiam. Ut libero qui sint quia esse.', 911, 6, 17, '2018-03-28 12:24:30', '2018-03-28 12:24:30'),
(9, 'alias', 'Iusto in et neque explicabo maxime enim rerum reprehenderit. Quis et maxime aperiam deserunt iste sed numquam. Nihil et id vel et aut.', 755, 8, 13, '2018-03-28 12:24:30', '2018-03-28 12:24:30'),
(10, 'nam', 'Sint dolores dolorem voluptatem dolorem deserunt. Et natus consequatur sequi labore. Omnis laboriosam delectus deleniti quas quibusdam alias.', 838, 4, 23, '2018-03-28 12:24:30', '2018-03-28 12:24:30'),
(11, 'porro', 'Libero deserunt id ratione consectetur placeat. Voluptas hic dolore distinctio expedita rerum a repellendus quis. Minus quo nihil voluptate rerum fugit. Dolorem sit dolorum perferendis minus quo commodi.', 148, 7, 19, '2018-03-28 12:24:30', '2018-03-28 12:24:30'),
(12, 'est', 'Quis a blanditiis rem quos provident nesciunt aut. Neque incidunt tempora voluptatem rem ut officiis. Omnis tenetur aut harum.', 729, 4, 9, '2018-03-28 12:24:30', '2018-03-28 12:24:30'),
(13, 'ex', 'Consequatur qui veniam at rem. Eius vero quo ut nihil ut et. Sint quia at repudiandae. Et sint delectus qui itaque.', 655, 8, 29, '2018-03-28 12:24:31', '2018-03-28 12:24:31'),
(14, 'ut', 'Delectus corporis autem illo beatae porro animi at rerum. Odit aspernatur non ut.', 809, 0, 15, '2018-03-28 12:24:31', '2018-03-28 12:24:31'),
(15, 'aut', 'Consequatur ipsa perferendis veritatis aspernatur sit. Nihil facere quibusdam deserunt. Omnis voluptates ex harum animi qui distinctio vero. Voluptas accusamus ut in dolor omnis numquam.', 983, 6, 14, '2018-03-28 12:24:31', '2018-03-28 12:24:31'),
(16, 'sequi', 'Illum est velit quod velit. Officiis dolores blanditiis minima. Ratione sapiente est et laboriosam non.', 752, 2, 25, '2018-03-28 12:24:31', '2018-03-28 12:24:31'),
(17, 'et', 'Qui dolores labore ducimus. Ratione in eveniet odit est qui perferendis. Eum blanditiis nihil eaque illum. Autem sapiente eligendi accusantium voluptatem.', 841, 1, 25, '2018-03-28 12:24:31', '2018-03-28 12:24:31'),
(18, 'non', 'Atque dignissimos repellendus iure. Dolores saepe accusantium voluptatibus iure dolores vel. Error omnis veniam quo est ex eveniet consequatur voluptatem.', 578, 5, 4, '2018-03-28 12:24:31', '2018-03-28 12:24:31'),
(19, 'commodi', 'Dicta molestiae sunt est. Doloribus itaque rerum vitae architecto. Minus provident et velit itaque. Temporibus expedita nam voluptas doloribus ipsa ut. Odio et iure ea vero doloremque.', 313, 0, 3, '2018-03-28 12:24:31', '2018-03-28 12:24:31'),
(20, 'est', 'Aut quidem suscipit saepe aspernatur sit ut sapiente illum. Est neque dolores eius accusamus dolorem. Sint quia nihil earum iure est labore aut. Assumenda et molestiae aliquid est corrupti blanditiis quia.', 197, 0, 6, '2018-03-28 12:24:31', '2018-03-28 12:24:31'),
(21, 'nisi', 'Quidem maiores cupiditate tenetur a sint. Et et voluptatum repellendus deleniti. Quia qui enim labore et autem et. Enim vel voluptate modi laboriosam. Nesciunt et soluta voluptatem et quis odit perferendis.', 898, 3, 11, '2018-03-28 12:24:31', '2018-03-28 12:24:31'),
(22, 'nostrum', 'Id et omnis odit reiciendis in. Quaerat nihil aut id et. Id et earum omnis est repellendus dolor ipsam. Commodi officiis minus quis et.', 437, 1, 15, '2018-03-28 12:24:31', '2018-03-28 12:24:31'),
(23, 'iusto', 'Aut beatae sunt illo eaque autem. Aut odio aliquam impedit odio qui necessitatibus. Commodi quia laudantium hic perspiciatis consequatur dolores.', 173, 6, 30, '2018-03-28 12:24:31', '2018-03-28 12:24:31'),
(24, 'quam', 'Eos et ab nihil consequatur. Doloribus non molestiae eum. Fugit esse quod aliquid fuga.', 452, 5, 2, '2018-03-28 12:24:31', '2018-03-28 12:24:31'),
(25, 'placeat', 'Modi quia quisquam expedita alias odit totam ex. Aliquid nulla repellendus facilis cupiditate asperiores hic ut nisi. Fugiat voluptatum voluptas commodi voluptate reiciendis est. Ea odit eius blanditiis ab ipsa incidunt.', 595, 0, 11, '2018-03-28 12:24:31', '2018-03-28 12:24:31'),
(26, 'aut', 'Occaecati sit odio autem consequatur deserunt iste id. Illum est consequuntur aut autem deserunt ut. Nulla et voluptatem voluptas sequi.', 597, 3, 23, '2018-03-28 12:24:31', '2018-03-28 12:24:31'),
(27, 'et', 'Minima qui est laudantium aliquid autem repellendus. Aperiam necessitatibus cum ex nesciunt.', 976, 9, 10, '2018-03-28 12:24:31', '2018-03-28 12:24:31'),
(28, 'dolore', 'Error neque exercitationem reprehenderit excepturi quos. Praesentium laboriosam laborum id voluptatem. Voluptatem blanditiis beatae accusamus maiores. Molestias cupiditate voluptatum soluta placeat voluptatem totam ea.', 943, 9, 4, '2018-03-28 12:24:31', '2018-03-28 12:24:31'),
(29, 'ut', 'Maiores aliquid et ducimus minima eum sapiente voluptatem quia. Ipsum saepe sapiente qui non. Non iste asperiores vitae optio aliquid autem. Dolores quibusdam quis tenetur quidem vero.', 911, 8, 11, '2018-03-28 12:24:31', '2018-03-28 12:24:31'),
(30, 'voluptatem', 'Ut quis dolor aliquid doloribus maxime placeat aut. Commodi eveniet qui accusamus dicta velit. Et nulla et dignissimos consequuntur nisi ducimus dolorum. Dolores sit qui blanditiis nihil cumque.', 822, 0, 9, '2018-03-28 12:24:31', '2018-03-28 12:24:31'),
(31, 'sint', 'Saepe sed labore quaerat mollitia nobis veritatis. Sed nulla odit ullam officia doloremque. Quia voluptatum totam voluptatum quod sunt.', 420, 6, 4, '2018-03-28 12:24:31', '2018-03-28 12:24:31'),
(32, 'doloribus', 'Enim ipsam sequi laborum natus molestiae. Maiores autem nihil nihil. Qui esse neque iure et qui itaque nam.', 634, 9, 30, '2018-03-28 12:24:31', '2018-03-28 12:24:31'),
(33, 'distinctio', 'Non soluta ab quia incidunt dicta. Repellendus nihil et id amet qui. Enim qui est ullam id. Tempora repellat aliquam est qui itaque et.', 734, 3, 10, '2018-03-28 12:24:31', '2018-03-28 12:24:31'),
(34, 'omnis', 'Quas culpa possimus accusantium ex facere voluptatem. Quisquam sed architecto voluptas velit consequatur dignissimos quas. Et aut velit et ut. Praesentium dolor temporibus neque et rerum quaerat.', 430, 1, 13, '2018-03-28 12:24:31', '2018-03-28 12:24:31'),
(35, 'ut', 'Provident praesentium quia enim quasi odio. Aliquam qui voluptatem non autem dolor perferendis amet. Qui facere porro ab. Veritatis accusamus vitae culpa ea omnis voluptatum voluptatem.', 372, 9, 22, '2018-03-28 12:24:31', '2018-03-28 12:24:31'),
(36, 'similique', 'Cupiditate aliquid reprehenderit dolor incidunt maxime nobis voluptas dicta. Culpa temporibus sapiente corporis quia magnam ad. Aut voluptas temporibus minus consequuntur quis.', 962, 1, 4, '2018-03-28 12:24:31', '2018-03-28 12:24:31'),
(37, 'quod', 'Voluptas accusantium sint mollitia. Aut nostrum sit ducimus ut. Reprehenderit quidem natus sed.', 150, 8, 3, '2018-03-28 12:24:31', '2018-03-28 12:24:31'),
(38, 'tenetur', 'Quaerat qui dolores fugiat porro ea est aut. Est quia eius ut omnis temporibus consequuntur. Culpa veritatis quod vitae libero sint soluta in quia. Qui sit omnis placeat dolorem culpa corrupti voluptatem aut. Laborum est dolorum et iusto ut.', 529, 9, 22, '2018-03-28 12:24:31', '2018-03-28 12:24:31'),
(39, 'veniam', 'Blanditiis et qui expedita sit. Eos ducimus nostrum ut facere beatae nihil est. Fugiat laudantium fuga in rerum.', 895, 4, 13, '2018-03-28 12:24:31', '2018-03-28 12:24:31'),
(40, 'voluptatem', 'Dolor et optio autem. Aperiam est porro dolorem neque.', 305, 5, 6, '2018-03-28 12:24:31', '2018-03-28 12:24:31'),
(41, 'laborum', 'Mollitia recusandae dignissimos quia inventore ut quo impedit. Vel vel reiciendis quis. Et qui expedita aut mollitia quo accusantium. Et harum consequatur eius rerum et inventore.', 724, 8, 21, '2018-03-28 12:24:31', '2018-03-28 12:24:31'),
(42, 'autem', 'Aut sed ut aut culpa quisquam. Nam enim harum et. Ea beatae temporibus voluptatem totam fugiat velit ut. Aliquam sequi natus nostrum magni rem pariatur.', 924, 4, 6, '2018-03-28 12:24:31', '2018-03-28 12:24:31'),
(43, 'ducimus', 'Praesentium voluptatem perferendis ab ipsam voluptatem. Praesentium dolor enim ea voluptates voluptatum sed earum. Vero optio autem rerum aut.', 144, 8, 29, '2018-03-28 12:24:31', '2018-03-28 12:24:31'),
(44, 'sed', 'Repudiandae accusamus ipsa animi qui. Quisquam vel aperiam tempore aut vel esse.', 222, 9, 22, '2018-03-28 12:24:31', '2018-03-28 12:24:31'),
(45, 'eos', 'Autem aspernatur accusantium quia eum qui. Ut necessitatibus voluptatem assumenda velit eos libero.', 294, 8, 4, '2018-03-28 12:24:31', '2018-03-28 12:24:31'),
(46, 'error', 'Voluptates quisquam tempora vel amet dolorem et explicabo iusto. Eum iusto modi dolores officia. Quisquam repellat eos dolores rerum. Cum id soluta vel delectus tempore debitis.', 112, 7, 7, '2018-03-28 12:24:31', '2018-03-28 12:24:31'),
(47, 'adipisci', 'Distinctio ducimus qui distinctio aperiam. Sit nemo aut deleniti sit in repudiandae aperiam. Occaecati ipsam fuga distinctio fuga sed ullam voluptas.', 327, 2, 24, '2018-03-28 12:24:31', '2018-03-28 12:24:31'),
(48, 'animi', 'Eveniet sed sint dolor dolores dolorem et. Sed ipsam eum sint et ut odio culpa voluptatem. Mollitia officia et inventore et. Cupiditate ut ut aut sit veniam eligendi sint tempora.', 707, 3, 27, '2018-03-28 12:24:31', '2018-03-28 12:24:31'),
(49, 'id', 'Minus sequi qui vitae eaque voluptatem quo. Dolores sequi ipsa dolorem provident iure atque sint. Asperiores ut placeat eveniet ut nostrum cumque nobis.', 343, 2, 16, '2018-03-28 12:24:32', '2018-03-28 12:24:32'),
(50, 'voluptas', 'Delectus exercitationem nisi error rem dolores. Accusantium consequatur aut voluptatibus repellendus iusto. Cupiditate voluptatem tenetur sint molestias. Ducimus in voluptates qui blanditiis dolore voluptatum.', 553, 7, 13, '2018-03-28 12:24:32', '2018-03-28 12:24:32');

-- --------------------------------------------------------

--
-- Table structure for table `reviews`
--

CREATE TABLE `reviews` (
  `id` int(10) UNSIGNED NOT NULL,
  `product_id` int(10) UNSIGNED NOT NULL,
  `customer` varchar(191) COLLATE utf8mb4_unicode_ci NOT NULL,
  `review` text COLLATE utf8mb4_unicode_ci NOT NULL,
  `star` int(11) NOT NULL,
  `created_at` timestamp NULL DEFAULT NULL,
  `updated_at` timestamp NULL DEFAULT NULL
) ENGINE=InnoDB DEFAULT CHARSET=utf8mb4 COLLATE=utf8mb4_unicode_ci;

--
-- Dumping data for table `reviews`
--

INSERT INTO `reviews` (`id`, `product_id`, `customer`, `review`, `star`, `created_at`, `updated_at`) VALUES
(1, 43, 'Mr. Sedrick Keeling', 'Aliquam nulla quibusdam et ut. Recusandae velit fugit sint voluptas. Sed perferendis laboriosam quaerat voluptas et velit deserunt. Et voluptas provident et dolorem molestiae et.', 3, '2018-03-28 12:24:32', '2018-03-28 12:24:32'),
(2, 6, 'Athena Lebsack', 'Cumque sit commodi voluptatem magni. Ducimus odit occaecati vel culpa nihil omnis nihil. Officia sit delectus sunt.', 3, '2018-03-28 12:24:32', '2018-03-28 12:24:32'),
(3, 46, 'Leatha VonRueden', 'Consequatur et quia eos est voluptatem itaque. Voluptatem vel eos provident dolores. Maxime excepturi cum temporibus incidunt odio. Recusandae id nihil qui et blanditiis sed ipsa beatae.', 0, '2018-03-28 12:24:32', '2018-03-28 12:24:32'),
(4, 14, 'Collin Boehm', 'Atque eum a aut quam. Officia itaque in non ullam sint. Natus quia sit enim atque necessitatibus.', 2, '2018-03-28 12:24:32', '2018-03-28 12:24:32'),
(5, 3, 'Prof. Watson Graham', 'Sed ipsam omnis voluptates et laudantium. Officia vero ut alias voluptate beatae. Debitis nobis quia occaecati quia eaque consequatur.', 4, '2018-03-28 12:24:32', '2018-03-28 12:24:32'),
(6, 5, 'Nathen Kovacek', 'Pariatur aut sunt tenetur. Temporibus nulla consequatur eos enim quia enim. Itaque rerum eum dolore aut aut consequatur.', 1, '2018-03-28 12:24:32', '2018-03-28 12:24:32'),
(7, 4, 'Dr. Ibrahim Dietrich', 'Ab velit illum quaerat. Quis voluptate in quisquam aperiam qui eos. Ea sed aut vitae sunt enim.', 4, '2018-03-28 12:24:32', '2018-03-28 12:24:32'),
(8, 35, 'Enola Spencer III', 'Nemo iste non est et. Beatae unde voluptate et. Nisi saepe eveniet eveniet libero et aliquam sed.', 3, '2018-03-28 12:24:32', '2018-03-28 12:24:32'),
(9, 11, 'Gabriella Huel II', 'Odit ut ea harum distinctio autem cupiditate. Maiores est et architecto est id.', 1, '2018-03-28 12:24:33', '2018-03-28 12:24:33'),
(10, 26, 'Verla Feeney', 'Expedita ut nam maxime. In officiis libero recusandae tempore optio. Cupiditate expedita error porro exercitationem qui soluta.', 2, '2018-03-28 12:24:33', '2018-03-28 12:24:33'),
(11, 22, 'Mervin Ziemann', 'Veniam aliquam quia veritatis delectus. Velit suscipit aperiam illo nulla vel facere molestias iusto. Earum eos quae excepturi aut.', 3, '2018-03-28 12:24:33', '2018-03-28 12:24:33'),
(12, 32, 'Dr. Amya Casper Jr.', 'Perferendis velit ipsa impedit. Dignissimos quidem consequatur corporis eaque a autem. Inventore sint similique corporis saepe quia. Perspiciatis et quia neque voluptatem.', 3, '2018-03-28 12:24:33', '2018-03-28 12:24:33'),
(13, 13, 'Teresa Williamson', 'Et possimus id quasi officiis vel. Tenetur quae ea dolorem unde quasi quo nihil. Dolorum et consequatur voluptatum atque.', 2, '2018-03-28 12:24:33', '2018-03-28 12:24:33'),
(14, 35, 'Tad Thompson', 'Dicta qui qui voluptatibus qui optio. Ipsam sunt beatae excepturi recusandae. Voluptates maiores sint omnis voluptates quas.', 2, '2018-03-28 12:24:33', '2018-03-28 12:24:33'),
(15, 6, 'May O\'Connell', 'Delectus voluptates sequi sed quaerat. Nisi commodi aut non laborum ipsa. Quod cumque dolor est deserunt sint blanditiis aliquid. Ducimus tempore recusandae vero sequi aut quae. Ea qui possimus voluptate voluptatem.', 0, '2018-03-28 12:24:33', '2018-03-28 12:24:33'),
(16, 38, 'Elenor Willms', 'Tenetur autem eius officiis perspiciatis fugiat esse. Autem nesciunt ipsum ullam quia est. Ut eaque ratione excepturi similique quas. Perferendis quia commodi quo animi aut exercitationem reprehenderit.', 1, '2018-03-28 12:24:33', '2018-03-28 12:24:33'),
(17, 23, 'Vito Johnson', 'Et ut porro omnis eos. Natus ut voluptatem quasi occaecati. Autem accusantium neque corporis est. Cupiditate id eius non voluptatum id quod molestias hic.', 1, '2018-03-28 12:24:33', '2018-03-28 12:24:33'),
(18, 12, 'Francesco Sipes', 'Facilis non est et et impedit nihil ullam. Quia ut enim consectetur ipsum qui sequi voluptatem aut. Voluptatem qui ex in in vel illum sit et. Dolorem excepturi ab placeat voluptatem.', 4, '2018-03-28 12:24:33', '2018-03-28 12:24:33'),
(19, 14, 'Wiley Paucek', 'Est et est deleniti dolor aperiam et enim. Et expedita consequatur et doloremque nam veniam perferendis. Qui quam quas nihil.', 0, '2018-03-28 12:24:33', '2018-03-28 12:24:33'),
(20, 34, 'Mr. Camryn Nicolas V', 'Sint eos quos numquam debitis corrupti odit. Aut dolore nulla quos vero temporibus facere error. Totam et possimus quia ipsa eos et. Omnis earum nostrum libero aut omnis. Voluptas libero quia quisquam ut velit.', 4, '2018-03-28 12:24:33', '2018-03-28 12:24:33'),
(21, 5, 'Loyce Gerlach', 'In maxime quia soluta esse aut. Occaecati sunt est molestias vel. Iste optio enim occaecati ipsam necessitatibus soluta.', 5, '2018-03-28 12:24:33', '2018-03-28 12:24:33'),
(22, 4, 'Juston Kshlerin', 'Placeat rerum porro deleniti explicabo consequatur vel. Rerum suscipit itaque cumque ut consequuntur molestias incidunt. Et eos sint quod saepe corrupti blanditiis delectus. Aut magni officia fugiat.', 3, '2018-03-28 12:24:33', '2018-03-28 12:24:33'),
(23, 14, 'Fleta Hickle', 'Dignissimos ipsa reiciendis nam modi explicabo. Vel exercitationem non blanditiis aut voluptates. Ut magni quas nobis voluptas officia et. Omnis velit sed quasi ut accusamus qui. Sed qui sunt nobis quidem fugit quia.', 4, '2018-03-28 12:24:33', '2018-03-28 12:24:33'),
(24, 46, 'Mrs. Lisa Keebler', 'Eius dolorem nostrum quam eum voluptates. Ducimus commodi voluptatem accusantium recusandae non cum cum. Voluptates quisquam quisquam sit omnis omnis delectus sint. A expedita veniam adipisci nemo sit soluta.', 4, '2018-03-28 12:24:33', '2018-03-28 12:24:33'),
(25, 47, 'Hubert King', 'Quia animi est enim quidem molestiae exercitationem. Nostrum natus enim itaque et tempore. Ab cumque eum voluptas nihil.', 3, '2018-03-28 12:24:33', '2018-03-28 12:24:33'),
(26, 34, 'Cyrus Baumbach PhD', 'Similique molestias ducimus eveniet repellendus cumque minima dolores autem. Porro corrupti corporis eius fugiat. Sed ipsum quasi amet a. Et et et ut dignissimos odit.', 4, '2018-03-28 12:24:33', '2018-03-28 12:24:33'),
(27, 3, 'Ms. Miracle Frami I', 'Consequatur quibusdam soluta repudiandae ut voluptas voluptas. Delectus ad rerum voluptatem deserunt et. Praesentium iure nihil odit eum sit.', 0, '2018-03-28 12:24:33', '2018-03-28 12:24:33'),
(28, 41, 'Rhoda Luettgen', 'Nostrum in maiores ut laboriosam. Corrupti dolorem error eaque quibusdam. Provident ad earum et veniam. Deserunt ullam minus dolore fuga sint eum.', 1, '2018-03-28 12:24:33', '2018-03-28 12:24:33'),
(29, 5, 'Dr. Lavada Braun IV', 'Omnis vitae omnis tenetur sapiente repudiandae enim repudiandae. Quia qui odit non consectetur. Quo dolorum qui unde vel.', 2, '2018-03-28 12:24:33', '2018-03-28 12:24:33'),
(30, 5, 'Celestino Feil V', 'Non sit provident vitae perspiciatis ut et quibusdam deserunt. Laudantium eum eos est officia exercitationem expedita tempora. Inventore sed suscipit neque consequatur aut harum.', 4, '2018-03-28 12:24:33', '2018-03-28 12:24:33'),
(31, 6, 'Cruz Trantow', 'Fugit qui labore nemo expedita ut. Quam voluptas quo delectus accusamus quia. Rem et qui quia quaerat dolores et. Optio maxime ut sequi quae et sed.', 2, '2018-03-28 12:24:33', '2018-03-28 12:24:33'),
(32, 5, 'Layla Jacobson', 'Et quis est ad corrupti aut magni. Illo excepturi accusantium dignissimos quae. Ducimus alias repellendus similique quam ut. Repellendus perspiciatis tempore ut dolorem ut.', 2, '2018-03-28 12:24:33', '2018-03-28 12:24:33'),
(33, 39, 'Dr. Clifton Walker', 'Autem quia in totam eius sunt eveniet ut. Velit quia illum est est dicta. Pariatur omnis saepe ad rerum ut libero dolores deserunt.', 2, '2018-03-28 12:24:33', '2018-03-28 12:24:33'),
(34, 39, 'Dr. Ernestine Gorczany DDS', 'Quos quibusdam nesciunt exercitationem ea omnis. Sit ab adipisci unde iusto est dicta aliquam. Error et veniam quibusdam qui.', 0, '2018-03-28 12:24:33', '2018-03-28 12:24:33'),
(35, 21, 'Bertrand Price', 'Pariatur autem labore nesciunt laboriosam minima neque fugiat sed. Illo et veritatis harum molestias sunt et qui. Natus alias aut porro laudantium debitis dolor enim.', 5, '2018-03-28 12:24:33', '2018-03-28 12:24:33'),
(36, 50, 'Dr. Sonny Champlin', 'Eius similique ut ipsa deserunt. Provident iure et est omnis sit. Et nam sapiente autem minima. Commodi voluptate voluptatem ut repellat.', 3, '2018-03-28 12:24:33', '2018-03-28 12:24:33'),
(37, 22, 'Taryn Nader', 'Fugiat vitae ullam placeat et dolorem nemo. Eaque voluptatem corrupti saepe adipisci explicabo. Et temporibus ea enim ex. Assumenda fugiat alias amet dolore cupiditate vero cum. Facere nihil aspernatur ipsa esse et occaecati voluptate molestias.', 0, '2018-03-28 12:24:33', '2018-03-28 12:24:33'),
(38, 15, 'Chelsie Maggio MD', 'Fugiat dolores excepturi totam aliquam velit rerum. Quos provident distinctio aut exercitationem. Et omnis qui maxime est. Optio harum quia ullam minus corrupti assumenda. Doloribus tempora labore non.', 1, '2018-03-28 12:24:33', '2018-03-28 12:24:33'),
(39, 17, 'Fermin Hirthe DDS', 'Consequatur cum et distinctio sunt illum. Odit voluptatem expedita debitis velit. Dolorum exercitationem temporibus vel ducimus fugiat et sed. Quis in et atque et.', 1, '2018-03-28 12:24:33', '2018-03-28 12:24:33'),
(40, 47, 'Jacquelyn Pfeffer PhD', 'Fugiat rem soluta alias quae quo minima quo. Assumenda est repudiandae porro nobis. Accusamus quod optio vel optio officiis. Sint qui vel omnis voluptatem eaque itaque.', 3, '2018-03-28 12:24:34', '2018-03-28 12:24:34'),
(41, 43, 'Mr. Santos Littel', 'Beatae quaerat eum fugiat. Dolorum ex quas dolore omnis vero voluptatem. Dolore culpa id qui quod quaerat libero voluptates.', 5, '2018-03-28 12:24:34', '2018-03-28 12:24:34'),
(42, 50, 'Shanelle Dickinson', 'Architecto unde qui dicta quas. Ipsa repudiandae sit sit cumque alias facere. Labore eaque id occaecati temporibus aut rerum excepturi dolor. Alias facere omnis amet eveniet deleniti maxime tempore voluptatum.', 1, '2018-03-28 12:24:34', '2018-03-28 12:24:34'),
(43, 15, 'Kaylah Wehner', 'Minus officia corporis consequatur nemo perferendis. Cumque alias qui velit doloremque rem excepturi. Corrupti quia et et tempora. Similique ex qui quia maxime.', 4, '2018-03-28 12:24:34', '2018-03-28 12:24:34'),
(44, 35, 'Frances Ferry', 'Sed incidunt omnis architecto labore. Aut dolorem doloribus aspernatur cupiditate est autem fugit. Magnam accusantium non tempora numquam. Explicabo rerum et possimus magnam. Et et eligendi ullam.', 0, '2018-03-28 12:24:34', '2018-03-28 12:24:34'),
(45, 12, 'Velda Hessel', 'Ut vel voluptas ut eligendi mollitia est qui. Quisquam aliquid et delectus consectetur ab. Numquam rem aspernatur placeat possimus ipsam voluptas.', 2, '2018-03-28 12:24:34', '2018-03-28 12:24:34'),
(46, 10, 'Laury Wisoky', 'Quia iure laborum non. Temporibus expedita enim sit. Inventore voluptatibus quia veniam iure recusandae minus perspiciatis dolore.', 4, '2018-03-28 12:24:34', '2018-03-28 12:24:34'),
(47, 6, 'Chelsie Kuhic', 'Quas et recusandae sed quos voluptas qui. At omnis voluptatem et harum incidunt qui velit. Voluptatem commodi eos a tempora quia.', 4, '2018-03-28 12:24:34', '2018-03-28 12:24:34'),
(48, 9, 'Florine Casper', 'Quisquam totam cumque placeat aspernatur molestiae accusantium magnam. Rerum id aspernatur omnis odit eius. Ut vero veritatis hic doloremque laborum qui. Qui et et quia sequi.', 5, '2018-03-28 12:24:34', '2018-03-28 12:24:34'),
(49, 43, 'Dr. Remington McGlynn DVM', 'Exercitationem hic consequatur omnis magni voluptatem quia aut. Eum accusamus quia hic qui. Repellat fugit neque rem voluptatem sunt sit facilis. Laborum sit pariatur quam vitae et id nihil.', 1, '2018-03-28 12:24:34', '2018-03-28 12:24:34'),
(50, 17, 'Joyce Nicolas', 'Ea dolor aliquam vero optio commodi quas blanditiis. Laboriosam qui ad nemo excepturi possimus. Sit sed facilis libero facilis tempore.', 4, '2018-03-28 12:24:34', '2018-03-28 12:24:34'),
(51, 48, 'Maci Wyman', 'Nam dolorum assumenda eos quasi ea molestias. Non qui odio est pariatur et dolorem. Illo aut sit magni atque rem aliquid consequuntur. Perferendis est ut hic porro magnam explicabo ipsam ipsa. Dolorum vitae earum aut assumenda et.', 2, '2018-03-28 12:24:34', '2018-03-28 12:24:34'),
(52, 40, 'Grayce Hayes', 'Fugiat id architecto explicabo. Est provident dolorem suscipit sed. Unde voluptatibus eius perspiciatis sed temporibus. Aut quia repellendus sequi et.', 3, '2018-03-28 12:24:34', '2018-03-28 12:24:34'),
(53, 1, 'Prof. Fidel Weimann', 'Sunt laboriosam sit quis porro et. Non explicabo omnis expedita qui qui. Voluptatibus aut in aspernatur ratione minima officiis.', 5, '2018-03-28 12:24:34', '2018-03-28 12:24:34'),
(54, 40, 'Chelsie Ledner V', 'Inventore omnis recusandae quidem commodi. Deserunt pariatur perferendis sit.', 1, '2018-03-28 12:24:34', '2018-03-28 12:24:34'),
(55, 15, 'Mr. Barton Okuneva Sr.', 'Unde mollitia sit esse aut dolores similique. Nihil aut est magni dolor dolores non. Ipsum repellendus voluptatem illum accusantium et nobis iusto consequatur.', 4, '2018-03-28 12:24:34', '2018-03-28 12:24:34'),
(56, 24, 'Courtney Baumbach', 'Soluta cumque fugit vero recusandae autem. Optio et voluptatum facere quia deleniti aut doloremque expedita. Velit dolorem commodi eius veniam ut.', 3, '2018-03-28 12:24:34', '2018-03-28 12:24:34'),
(57, 32, 'Stella Mills', 'Fugiat sed quibusdam sunt omnis magni qui dolores. Corrupti quia sit ex impedit et. Eum consectetur vero beatae sint animi ratione. Voluptatibus omnis veniam tempore numquam.', 3, '2018-03-28 12:24:34', '2018-03-28 12:24:34'),
(58, 30, 'Leonor Powlowski', 'Amet voluptates architecto ullam autem. Necessitatibus quae molestiae quisquam quia facilis veritatis earum. Quis blanditiis deserunt atque non. Officiis sapiente excepturi suscipit deserunt et rerum.', 5, '2018-03-28 12:24:34', '2018-03-28 12:24:34'),
(59, 14, 'Mayra Stroman', 'Numquam perferendis vero reprehenderit quis corrupti est voluptas. Corrupti pariatur suscipit est dolores est cum. Corrupti beatae ea est autem. Minus autem est maiores unde velit voluptate fugiat.', 3, '2018-03-28 12:24:34', '2018-03-28 12:24:34'),
(60, 9, 'Anthony Wilderman Jr.', 'Aliquid ducimus et commodi ut quis. Adipisci sint temporibus fugiat impedit reprehenderit. Aut commodi blanditiis sed.', 4, '2018-03-28 12:24:34', '2018-03-28 12:24:34'),
(61, 13, 'Esther Stroman', 'Aut voluptatem accusantium aut vero asperiores quia molestiae. Sapiente suscipit et odio quo. Qui et esse dignissimos est iure expedita. Aut vel natus quidem quis tempore nobis.', 1, '2018-03-28 12:24:34', '2018-03-28 12:24:34'),
(62, 30, 'Adrian Heidenreich', 'Reprehenderit ut non nam quo. Velit veniam fuga eaque porro. Voluptatum qui voluptas ex mollitia. Exercitationem aliquid dolore mollitia nulla nihil qui facilis corrupti.', 3, '2018-03-28 12:24:34', '2018-03-28 12:24:34'),
(63, 9, 'Oscar Sawayn', 'Ipsum asperiores molestias ut id sapiente ad. Aliquid libero est saepe. Explicabo natus ut modi eveniet earum.', 1, '2018-03-28 12:24:34', '2018-03-28 12:24:34'),
(64, 29, 'Miss Katelyn Schmidt III', 'Ipsam nostrum autem totam ipsum harum provident cum. Est rerum delectus est id dolores nisi. Aliquid alias illum consequatur fuga similique. In error ut dicta cupiditate in consectetur.', 0, '2018-03-28 12:24:34', '2018-03-28 12:24:34'),
(65, 4, 'Emmanuel Rosenbaum', 'Voluptatem ad possimus beatae iusto molestiae dolorem. Et officiis ex non porro quam blanditiis. Omnis aut autem rem molestiae.', 1, '2018-03-28 12:24:34', '2018-03-28 12:24:34'),
(66, 43, 'Adaline Gorczany', 'Est facere totam est maxime non minima aliquam. Est aliquam dignissimos officia aut ab molestiae.', 0, '2018-03-28 12:24:34', '2018-03-28 12:24:34'),
(67, 14, 'Adolphus Friesen MD', 'Iure natus doloremque atque. Quibusdam aspernatur autem voluptatem quia ex enim alias. Est facere rem qui eos tenetur.', 4, '2018-03-28 12:24:34', '2018-03-28 12:24:34'),
(68, 18, 'Ezequiel Cassin', 'Voluptatum praesentium et iure quod aut qui earum pariatur. Delectus labore eius esse quia. Autem assumenda pariatur aut voluptatem facere. Vitae inventore corrupti placeat cupiditate nesciunt.', 2, '2018-03-28 12:24:34', '2018-03-28 12:24:34'),
(69, 31, 'Ayla Kovacek', 'Magnam aspernatur aut quia est quas temporibus. Repellat asperiores esse quos nihil nihil impedit. Eligendi necessitatibus aut aut.', 1, '2018-03-28 12:24:34', '2018-03-28 12:24:34'),
(70, 1, 'Prof. Ernest Donnelly', 'Dolores neque dolorem enim ut deserunt. Quia inventore error repudiandae quia. Adipisci excepturi placeat qui voluptas molestiae dolor quia. Veritatis et non nisi a a sit placeat. Reprehenderit et eaque itaque qui natus totam.', 3, '2018-03-28 12:24:34', '2018-03-28 12:24:34'),
(71, 27, 'Jermey Jenkins', 'Error dolorem et deserunt architecto temporibus quia. Nihil molestias eos soluta sit. Et tenetur explicabo quis voluptatem est quasi. At sunt fugiat laborum aut qui animi.', 4, '2018-03-28 12:24:34', '2018-03-28 12:24:34'),
(72, 2, 'Curt Kuhic', 'Vel earum nihil quia quos ipsum aliquid occaecati. Et voluptatem saepe commodi quae. Quo qui veniam dolorum sint hic. Provident et natus minima vel voluptatibus velit nulla.', 3, '2018-03-28 12:24:34', '2018-03-28 12:24:34'),
(73, 6, 'Rossie Ratke', 'Eaque eum praesentium perspiciatis velit. Modi officiis consequatur accusantium veritatis. Est perferendis et est placeat quo molestiae. Quos libero aut sunt et.', 0, '2018-03-28 12:24:34', '2018-03-28 12:24:34'),
(74, 8, 'Dr. Johnathan Hills Jr.', 'Repudiandae sint quia velit ut et dolores necessitatibus alias. Nam reprehenderit et unde eos aut sapiente. Id et sapiente voluptatem quo pariatur labore architecto. Voluptatem nam eum molestias asperiores cupiditate.', 1, '2018-03-28 12:24:35', '2018-03-28 12:24:35'),
(75, 41, 'Prof. Paris Leannon', 'Doloremque consectetur est ullam distinctio dolorem culpa laudantium. Iure dolorem qui tenetur placeat fugit iste. Iste quo voluptatem consequuntur saepe excepturi nihil. Minus ex magnam enim accusantium nihil.', 3, '2018-03-28 12:24:35', '2018-03-28 12:24:35'),
(76, 32, 'Mohammed D\'Amore', 'Officiis ipsa quo odit odit. Earum quisquam et repellendus aut. Architecto explicabo esse dolorum molestiae nemo repellat.', 0, '2018-03-28 12:24:35', '2018-03-28 12:24:35'),
(77, 41, 'Miss Angela Stokes', 'Totam nobis labore quis. Est odio ut cumque qui. Eos laboriosam reiciendis est quaerat. Pariatur magnam enim aliquam animi corrupti qui eum. Velit ut quisquam voluptate.', 0, '2018-03-28 12:24:35', '2018-03-28 12:24:35'),
(78, 4, 'Jerald Lind', 'Rerum ea sunt voluptatem harum est iure aut. Rerum delectus magni nobis voluptates iste quo rerum est. Laboriosam qui recusandae autem rerum aperiam dignissimos. Ipsa ut in eaque dicta earum.', 4, '2018-03-28 12:24:35', '2018-03-28 12:24:35'),
(79, 28, 'Darwin Volkman', 'Reiciendis et vel cum illo esse aut consequatur. Nesciunt voluptate soluta voluptatum.', 0, '2018-03-28 12:24:35', '2018-03-28 12:24:35'),
(80, 19, 'Francisco Schultz DDS', 'Ab quia aspernatur eos eos magni vero mollitia incidunt. Quis aut ducimus nihil veritatis occaecati quam iure. Autem sed asperiores et eius. Amet recusandae eveniet placeat dolorum est quasi at.', 2, '2018-03-28 12:24:35', '2018-03-28 12:24:35'),
(81, 30, 'Brooks Howell', 'Ipsam quas harum sed. Eum voluptates et minima sapiente dolor non velit. Quae beatae exercitationem perspiciatis natus vitae explicabo ea provident.', 3, '2018-03-28 12:24:35', '2018-03-28 12:24:35'),
(82, 45, 'Amber Wyman', 'Illum deserunt tempore vel voluptatem adipisci omnis. Omnis mollitia quas iste blanditiis. Atque quidem et delectus eaque quo id facilis. Eius neque in cumque distinctio veniam quas.', 0, '2018-03-28 12:24:35', '2018-03-28 12:24:35'),
(83, 41, 'Oda Botsford', 'Excepturi optio odio voluptatibus expedita odio sunt placeat. Expedita laborum ducimus consequatur sit itaque similique ut. Molestias amet eaque voluptatibus voluptate. Cupiditate accusamus quia iure aut veniam minus.', 0, '2018-03-28 12:24:35', '2018-03-28 12:24:35'),
(84, 13, 'Prof. Harmony Koepp III', 'Nesciunt ut voluptatibus nostrum modi dolores voluptatum earum repudiandae. Maiores dolores provident autem itaque. Quo id doloribus modi.', 2, '2018-03-28 12:24:35', '2018-03-28 12:24:35'),
(85, 37, 'Mr. Delmer Parisian IV', 'Est laboriosam repudiandae saepe qui. Fugit suscipit dolorem totam nemo enim ab.', 0, '2018-03-28 12:24:35', '2018-03-28 12:24:35'),
(86, 45, 'Deven Harris', 'Nam quia necessitatibus assumenda similique. Repellendus consequatur officiis maiores id ut qui. Nobis voluptatum aut architecto autem quis esse.', 0, '2018-03-28 12:24:35', '2018-03-28 12:24:35'),
(87, 30, 'Brice Collier', 'Aperiam voluptatum sint officiis. Aperiam quia enim tempore eius rerum aut.', 4, '2018-03-28 12:24:35', '2018-03-28 12:24:35'),
(88, 2, 'Vicenta Jenkins', 'Velit vero quaerat qui dolores nihil mollitia omnis et. Illo nihil nesciunt voluptates et omnis. Quis in saepe quis ea in.', 2, '2018-03-28 12:24:35', '2018-03-28 12:24:35'),
(89, 8, 'Leland Mueller', 'Mollitia at ipsum velit nihil laudantium. Et autem molestias et ipsam libero. Qui eum ut est nesciunt. Consequatur cumque odit iure voluptatem voluptatem incidunt.', 3, '2018-03-28 12:24:35', '2018-03-28 12:24:35'),
(90, 24, 'Beatrice Herman', 'Iusto tenetur et et. Et blanditiis ut neque. Sed dolore voluptate consequatur voluptates necessitatibus. Consequatur perferendis maxime odit qui dolores.', 5, '2018-03-28 12:24:35', '2018-03-28 12:24:35'),
(91, 16, 'Mrs. Bette Cole Jr.', 'Nulla ducimus dolores qui. Qui doloremque expedita repudiandae ullam voluptatem magni qui molestiae. Cupiditate dicta at atque quas enim. Beatae quo et eius at expedita eligendi.', 0, '2018-03-28 12:24:35', '2018-03-28 12:24:35'),
(92, 38, 'Callie Hagenes', 'Rerum dolor quae consequatur tenetur nulla. Debitis eum ipsam repellat. Unde quo iusto similique alias.', 1, '2018-03-28 12:24:35', '2018-03-28 12:24:35'),
(93, 6, 'Ms. Jodie Wolf', 'Ullam pariatur eaque id deserunt non. Incidunt ab aliquam fugiat libero illum. Et qui ipsum pariatur dolorem expedita.', 1, '2018-03-28 12:24:35', '2018-03-28 12:24:35'),
(94, 23, 'Marcel Stark', 'Quia enim mollitia qui sit neque voluptatum. Doloribus nemo dolor dolores dolorem perferendis a. Nostrum quia perspiciatis voluptatibus quam voluptatem. Eum qui unde officiis perspiciatis.', 5, '2018-03-28 12:24:35', '2018-03-28 12:24:35'),
(95, 31, 'Rossie Ward V', 'Ut dolore facere fugit quia aliquid enim. Voluptatem dolorem et saepe corrupti modi tempora fugit. Aut voluptas soluta quia suscipit eos fugiat.', 4, '2018-03-28 12:24:35', '2018-03-28 12:24:35'),
(96, 12, 'Alfred Carter', 'Quis est quam facilis molestiae ad similique id. Ex aperiam libero non ipsum cupiditate ea quis. Similique reiciendis quidem optio nam. Rem ea sed eum exercitationem aliquid deleniti amet et.', 2, '2018-03-28 12:24:35', '2018-03-28 12:24:35'),
(97, 23, 'Miss Kamille Daniel DDS', 'Odio eos eveniet error magnam. Quis velit dolorem quia adipisci sunt qui exercitationem. Ex velit aut nesciunt sapiente aut architecto qui qui. Minus error voluptatem ut exercitationem. Rerum ea quibusdam incidunt in.', 2, '2018-03-28 12:24:35', '2018-03-28 12:24:35'),
(98, 28, 'Cassandre Lang', 'Consequuntur distinctio eum blanditiis quidem autem laudantium ex. Sit aut saepe totam et. Et fugit velit et commodi similique.', 2, '2018-03-28 12:24:35', '2018-03-28 12:24:35'),
(99, 11, 'Miss Lorna Boyle IV', 'Ut fugit eos dolor laborum eum placeat. Ipsa dolorem non sapiente unde. Voluptate quam culpa expedita est quibusdam. Non cum laboriosam corrupti fuga aperiam et.', 4, '2018-03-28 12:24:35', '2018-03-28 12:24:35'),
(100, 5, 'Felipa Romaguera', 'Sequi ut sunt vitae vero sed commodi doloremque. Quia odit aut sed. Et velit assumenda repellendus corrupti. Rerum dignissimos voluptate perferendis quia voluptatem.', 3, '2018-03-28 12:24:35', '2018-03-28 12:24:35'),
(101, 46, 'Prof. Theresia Lebsack', 'Aut sit et in ut labore magnam quaerat occaecati. Illum ut aut expedita voluptates sed atque. Eos enim iste nostrum minima facere qui.', 1, '2018-03-28 12:24:35', '2018-03-28 12:24:35'),
(102, 26, 'Prof. Kraig Brekke DVM', 'Est necessitatibus atque alias. Minima voluptatibus sunt voluptas mollitia. Culpa aut odit ad in dicta. Excepturi placeat quam reiciendis cumque omnis expedita reiciendis minima.', 0, '2018-03-28 12:24:35', '2018-03-28 12:24:35'),
(103, 29, 'Brown Muller', 'Sunt ad laboriosam ad praesentium atque quia. Ducimus et aspernatur dolorem ut. Sit non eligendi vel quia sit reprehenderit.', 0, '2018-03-28 12:24:35', '2018-03-28 12:24:35'),
(104, 17, 'Abby Hauck', 'Voluptate est iste repellat corporis praesentium. Sapiente excepturi rerum mollitia. At aut aliquam non delectus commodi et soluta. Atque tempora incidunt ea voluptatibus enim architecto doloremque autem.', 4, '2018-03-28 12:24:35', '2018-03-28 12:24:35'),
(105, 48, 'Adella Ernser', 'Omnis dolorem occaecati unde iusto sit qui. Accusantium sint cum occaecati reiciendis. Beatae nihil consequatur eos earum quia.', 1, '2018-03-28 12:24:35', '2018-03-28 12:24:35'),
(106, 2, 'Norma Blanda', 'Voluptatibus suscipit doloremque et ipsa qui. Aut reiciendis sed non iusto. Sed deleniti rem sed recusandae.', 5, '2018-03-28 12:24:35', '2018-03-28 12:24:35'),
(107, 2, 'Prof. Francesco Frami I', 'Consequuntur maxime voluptas autem. Accusamus dolor corrupti distinctio sed sapiente ut quisquam. Modi voluptatem placeat itaque ipsum nostrum molestiae nobis.', 0, '2018-03-28 12:24:35', '2018-03-28 12:24:35'),
(108, 46, 'Libbie Lowe', 'Facilis error aspernatur odio quas et facilis. Libero et ex est.', 4, '2018-03-28 12:24:35', '2018-03-28 12:24:35'),
(109, 4, 'Hillard Stroman III', 'Magni veritatis harum non aliquam quia est. Aliquam est ratione ipsam rerum doloribus consectetur alias. Architecto eum amet similique et nulla.', 1, '2018-03-28 12:24:35', '2018-03-28 12:24:35'),
(110, 6, 'Prof. Earl Wisoky MD', 'Iusto ea est sapiente consequatur sed ipsum ipsam. Qui omnis non sapiente quo eos autem velit.', 4, '2018-03-28 12:24:36', '2018-03-28 12:24:36'),
(111, 13, 'Wava Hodkiewicz', 'Enim est non suscipit consequatur. Cumque et consequuntur atque non suscipit et ut. Aspernatur fugit quas et doloremque soluta quos.', 1, '2018-03-28 12:24:36', '2018-03-28 12:24:36'),
(112, 18, 'Gerry Murphy', 'Rem non doloribus sunt perspiciatis et. Consectetur vel necessitatibus qui. Fugit ea impedit maxime occaecati perferendis.', 1, '2018-03-28 12:24:36', '2018-03-28 12:24:36'),
(113, 39, 'Loyce Cassin', 'Voluptas dolorum commodi aut eum consequatur accusantium neque. Expedita recusandae quia odit tempora quos minima quidem reiciendis. Aut maxime est est nostrum labore repellat.', 1, '2018-03-28 12:24:36', '2018-03-28 12:24:36'),
(114, 47, 'Joey Fahey', 'Aliquid consequatur est voluptatem aut officia. Occaecati illo saepe optio nesciunt voluptas est commodi. Nihil vel et sunt qui.', 1, '2018-03-28 12:24:36', '2018-03-28 12:24:36'),
(115, 50, 'Darrick Swift Sr.', 'Molestiae modi commodi reprehenderit. Quia nihil fugit illum voluptas veniam rerum non. Consequuntur eum quis animi minima.', 5, '2018-03-28 12:24:36', '2018-03-28 12:24:36'),
(116, 50, 'Ralph Schulist', 'Est culpa sunt aut magnam voluptatem porro. Architecto iure voluptas culpa et non. Quod molestias qui est soluta.', 2, '2018-03-28 12:24:36', '2018-03-28 12:24:36'),
(117, 36, 'Prof. Walker Green', 'Molestias aut nesciunt doloribus. Aliquid suscipit et qui est eos. Minima quia quia sunt occaecati. Vero ratione voluptates et quos quibusdam ut non laudantium.', 3, '2018-03-28 12:24:36', '2018-03-28 12:24:36'),
(118, 2, 'Frederique Predovic', 'Voluptas voluptatibus omnis deserunt inventore illum corrupti. Ipsum rerum natus vitae eveniet fugiat. Qui odio culpa voluptatem dolor quam.', 2, '2018-03-28 12:24:36', '2018-03-28 12:24:36'),
(119, 30, 'Paul Bradtke', 'Dolorem iusto voluptatibus sit vel vitae non fugiat. Libero illo doloribus iure similique sed enim dignissimos accusamus. Quia nulla odio dolore.', 1, '2018-03-28 12:24:36', '2018-03-28 12:24:36'),
(120, 28, 'Mr. Elvis Lemke', 'Cumque sequi tempore impedit commodi deleniti. Accusantium placeat ad nemo voluptates similique ut temporibus.', 1, '2018-03-28 12:24:36', '2018-03-28 12:24:36'),
(121, 21, 'Dr. Monique Jones I', 'Cupiditate impedit dolorem quis in et totam. Fugiat placeat eos perspiciatis ea. Perspiciatis architecto non inventore. Fuga quae est aut voluptatibus expedita voluptatem est.', 4, '2018-03-28 12:24:36', '2018-03-28 12:24:36'),
(122, 38, 'Madyson Eichmann III', 'Dolores tempora temporibus consectetur voluptates similique. Est mollitia quae velit. Officia quia aut unde eos et numquam eum.', 1, '2018-03-28 12:24:36', '2018-03-28 12:24:36'),
(123, 4, 'Joaquin Turcotte MD', 'Cum ea optio nisi beatae nostrum. Quo sint sit consequatur ex. Reprehenderit veniam sint consequatur animi. Ipsum voluptatibus molestiae dolor.', 0, '2018-03-28 12:24:36', '2018-03-28 12:24:36'),
(124, 47, 'Yasmin Smith', 'Id tempore veritatis ut molestias molestiae. Itaque enim tempora aperiam. Qui est repellendus et suscipit eligendi quam quaerat. Praesentium dignissimos numquam saepe officia quisquam quia rerum iusto.', 0, '2018-03-28 12:24:36', '2018-03-28 12:24:36'),
(125, 10, 'Kavon Douglas', 'Ipsum placeat sit reiciendis. Amet praesentium quasi autem sunt nemo repellendus. Animi veritatis repellendus fuga quis atque nostrum quas.', 5, '2018-03-28 12:24:36', '2018-03-28 12:24:36'),
(126, 2, 'Adrien Kertzmann', 'Quis et animi qui ut numquam nam. Quisquam numquam consequatur sequi amet quaerat. Voluptas quo error facilis nostrum delectus voluptas. Qui quaerat maxime illo.', 2, '2018-03-28 12:24:36', '2018-03-28 12:24:36'),
(127, 10, 'Earline Blick IV', 'Voluptas minima nihil explicabo ad quae soluta quo. Aut nisi aut dolore atque. Ullam excepturi iure pariatur ullam sequi. Dolorem doloremque eum repellat vel aut nam sunt. Culpa porro rerum velit repudiandae.', 3, '2018-03-28 12:24:36', '2018-03-28 12:24:36'),
(128, 6, 'Cara Funk IV', 'Et rerum odio neque non non nulla consequuntur. Vel qui error ullam eos enim. Inventore quia libero magnam dolores numquam. Adipisci officiis reiciendis qui dolor repellendus ipsum eius molestias.', 0, '2018-03-28 12:24:36', '2018-03-28 12:24:36'),
(129, 30, 'Emile Ankunding', 'Eligendi aut ut sunt et magnam. Maxime necessitatibus occaecati id repellat totam voluptas. Quo quis sit hic ut nam et.', 2, '2018-03-28 12:24:36', '2018-03-28 12:24:36'),
(130, 5, 'Cynthia Bernier IV', 'Et animi exercitationem est culpa provident voluptatem sequi. Molestiae eius et a quo laboriosam voluptatem. Nostrum recusandae harum fugiat qui error culpa porro.', 4, '2018-03-28 12:24:36', '2018-03-28 12:24:36'),
(131, 3, 'Mitchel Gulgowski', 'Aut similique consequatur quo nostrum commodi. Possimus velit vel non aut pariatur. Dolores quam nobis qui corporis animi tempora omnis. Amet quia quae corrupti.', 5, '2018-03-28 12:24:36', '2018-03-28 12:24:36'),
(132, 14, 'Carole Cassin II', 'Cupiditate sunt maxime non voluptatibus. Et dolor non ut ullam dolorum. Aliquid pariatur quibusdam fugiat amet autem.', 1, '2018-03-28 12:24:36', '2018-03-28 12:24:36'),
(133, 7, 'Althea Zemlak', 'Distinctio quibusdam quo est adipisci labore tenetur ut. Illum sit necessitatibus aut a et. Alias suscipit molestiae architecto voluptatem laudantium esse repellendus.', 2, '2018-03-28 12:24:36', '2018-03-28 12:24:36'),
(134, 48, 'Hazel Kshlerin', 'Non dicta quibusdam sit fuga fugit cumque sed. Voluptatum ipsam accusantium iure voluptas. Consequatur voluptatum quidem eos accusantium non odit. Voluptatibus officiis placeat eos asperiores ut ut ullam.', 4, '2018-03-28 12:24:36', '2018-03-28 12:24:36'),
(135, 16, 'Andreanne Heller', 'Rerum nemo voluptatem consequatur facere adipisci praesentium sit. Repudiandae sunt minus recusandae iure alias voluptatum vero ea. Dicta nostrum et nam odit animi. Voluptatem rem saepe qui sit dicta et.', 4, '2018-03-28 12:24:36', '2018-03-28 12:24:36'),
(136, 37, 'Angel Daugherty', 'Ea aliquam enim perspiciatis reprehenderit rerum velit voluptatibus et. Ut et corporis temporibus enim suscipit praesentium. Ut eos corrupti modi est molestias quia fuga. Cum sint aut hic.', 3, '2018-03-28 12:24:36', '2018-03-28 12:24:36'),
(137, 41, 'Ms. Nova Lindgren', 'Et et consequatur a aut id recusandae sed. Et iure eos est iste aperiam quia animi totam. Non et autem molestias corporis. Aut dolorem quam quos.', 5, '2018-03-28 12:24:36', '2018-03-28 12:24:36'),
(138, 42, 'Amara Labadie', 'Ut quia sint labore. Necessitatibus quos dolor tenetur eos hic. Aut veniam tempora nisi voluptatem praesentium quod accusamus.', 2, '2018-03-28 12:24:36', '2018-03-28 12:24:36'),
(139, 16, 'Mr. Antwon Kemmer PhD', 'Velit fugiat culpa quia deserunt. Vel expedita dolorum sint deleniti et. Eos vel vero consequatur sed. Architecto quisquam accusantium saepe totam ducimus necessitatibus.', 4, '2018-03-28 12:24:36', '2018-03-28 12:24:36'),
(140, 8, 'Prof. Calista Fadel V', 'Dolorem quam repudiandae magnam voluptates. Sed quam est porro incidunt nesciunt. Qui et velit voluptatem commodi ad est facilis. Et animi dolorem dicta.', 4, '2018-03-28 12:24:36', '2018-03-28 12:24:36'),
(141, 5, 'Glenda Langosh', 'Provident blanditiis sed ullam est. Aut officia enim corrupti ea autem. Voluptatem dolor incidunt nam cumque aut pariatur vero. Ab est eaque asperiores quis est. Soluta voluptatibus natus et nobis totam.', 2, '2018-03-28 12:24:36', '2018-03-28 12:24:36'),
(142, 39, 'Laverne Hamill Jr.', 'Animi cumque qui cumque et. Iusto velit repellendus fuga delectus necessitatibus ducimus officiis. Maiores veritatis quos accusamus fugit provident dolor.', 0, '2018-03-28 12:24:36', '2018-03-28 12:24:36'),
(143, 2, 'Chesley Deckow PhD', 'Molestiae inventore qui et est non. Mollitia minima maiores praesentium odit rerum occaecati.', 1, '2018-03-28 12:24:36', '2018-03-28 12:24:36'),
(144, 31, 'Jakayla Wehner', 'Aut soluta quis voluptas cumque. Quis aut id nulla totam est.', 0, '2018-03-28 12:24:36', '2018-03-28 12:24:36'),
(145, 22, 'Tyrique Gusikowski', 'Odit natus asperiores quo aut. Repellendus nemo molestias est aut deserunt tempore culpa et. Voluptatem veniam iusto iure voluptas totam ipsum. Molestias deleniti iusto temporibus non voluptatem est.', 0, '2018-03-28 12:24:36', '2018-03-28 12:24:36'),
(146, 38, 'Prof. Filiberto Hegmann', 'Cupiditate eum quasi fuga inventore fuga. Earum velit repellat ad consectetur. Deserunt porro molestiae itaque quas. Accusamus beatae dolores dolore veritatis commodi error ea.', 1, '2018-03-28 12:24:36', '2018-03-28 12:24:36'),
(147, 14, 'Tyrell Gaylord', 'Voluptas pariatur cupiditate voluptatum quis. Quidem rerum aut nisi quod corporis. Blanditiis aut sunt deleniti ut quo nesciunt.', 5, '2018-03-28 12:24:36', '2018-03-28 12:24:36'),
(148, 25, 'Baron Schumm', 'Quia porro officiis quibusdam cumque eius. Earum qui vel voluptas incidunt et eum vel. Et dolorem aut molestias praesentium. Et aut dolores dolor qui dignissimos.', 4, '2018-03-28 12:24:37', '2018-03-28 12:24:37'),
(149, 47, 'Dr. Hermann Hickle', 'Eum atque consequatur adipisci minus. Possimus sit sint quod sed ipsam explicabo recusandae. Consequatur illo dolorem fugiat est ipsam.', 1, '2018-03-28 12:24:37', '2018-03-28 12:24:37'),
(150, 36, 'Uriah Bauch', 'Rem aut cupiditate quia nulla voluptas nobis quia. Rem voluptate nihil ut doloribus.', 5, '2018-03-28 12:24:37', '2018-03-28 12:24:37'),
(151, 8, 'Grayce Turcotte', 'Enim ullam eligendi qui. Vel laudantium aliquid adipisci fugiat id. Quasi harum aut omnis qui.', 3, '2018-03-28 12:24:37', '2018-03-28 12:24:37'),
(152, 2, 'Dr. Itzel McGlynn', 'Suscipit omnis illum eligendi. Sunt aspernatur error quam dolorem ab consequatur aliquam ex. Aut consequuntur ut omnis aut laboriosam.', 3, '2018-03-28 12:24:37', '2018-03-28 12:24:37'),
(153, 2, 'Miss Mable Cormier', 'Aut velit incidunt neque aut sint vel quia. Numquam sit nobis deleniti repellendus ea vitae. Saepe maxime quibusdam ipsum.', 0, '2018-03-28 12:24:37', '2018-03-28 12:24:37'),
(154, 11, 'Kavon Keeling', 'Est eos et praesentium ea voluptatum aut occaecati. Quo excepturi dolores necessitatibus in aut architecto non. Voluptatum cum sit doloribus omnis. Atque doloribus consequuntur quae vitae.', 1, '2018-03-28 12:24:37', '2018-03-28 12:24:37'),
(155, 42, 'Diana Hermiston V', 'Quae libero error quisquam eius exercitationem labore. Vel impedit dolorem molestiae enim. Beatae voluptas cum veniam quis voluptatibus.', 4, '2018-03-28 12:24:37', '2018-03-28 12:24:37'),
(156, 1, 'Isac Homenick', 'Ut quam accusamus earum dolore quos quod. Atque nihil tempore nobis consequatur in eveniet non numquam.', 2, '2018-03-28 12:24:37', '2018-03-28 12:24:37'),
(157, 43, 'Reed Lesch', 'Doloremque commodi quisquam consequatur quo aut dolor ducimus. Optio deleniti culpa officiis aut. Ex eaque voluptatem ullam.', 5, '2018-03-28 12:24:37', '2018-03-28 12:24:37'),
(158, 31, 'Prof. Esmeralda Altenwerth', 'Totam inventore et fugit id ipsum. Qui nesciunt quia omnis et omnis in.', 2, '2018-03-28 12:24:37', '2018-03-28 12:24:37'),
(159, 31, 'Evan Schmitt III', 'Quae minus reiciendis laboriosam provident dolor. Omnis nulla vel mollitia dolores et voluptatem voluptatem. Natus est ut non alias quas ut quia.', 4, '2018-03-28 12:24:37', '2018-03-28 12:24:37'),
(160, 38, 'Ericka Parker', 'Cupiditate corrupti vitae alias et et sit. Ullam at nostrum quibusdam libero. Culpa porro est doloribus eligendi.', 5, '2018-03-28 12:24:37', '2018-03-28 12:24:37'),
(161, 36, 'Mrs. Joanny O\'Conner DVM', 'Quibusdam consequuntur eligendi quam temporibus dolores consequuntur et. Dolorum magni sit numquam nesciunt tempore. Rem ut autem occaecati.', 2, '2018-03-28 12:24:37', '2018-03-28 12:24:37'),
(162, 15, 'Lisa Rutherford', 'Vel enim voluptatibus dolores voluptas aut soluta doloremque. Delectus eaque dolore non error amet. Sed animi rem consequatur natus.', 2, '2018-03-28 12:24:37', '2018-03-28 12:24:37'),
(163, 28, 'Freddy Schinner', 'Voluptatem dolor quis doloribus non quibusdam laborum dicta. Asperiores ipsam architecto voluptatem omnis provident ut qui. Est voluptatem quo voluptatem architecto est a cumque facilis. Odit voluptatibus aliquam beatae labore.', 2, '2018-03-28 12:24:37', '2018-03-28 12:24:37'),
(164, 21, 'Brooks Adams', 'Sint aperiam occaecati quia maxime et et quasi. Sapiente inventore odit et totam. Non officia quae corrupti dolores et. Repellendus quos architecto quia ea dolores aut.', 2, '2018-03-28 12:24:37', '2018-03-28 12:24:37'),
(165, 11, 'Emelie Howe', 'Ullam perspiciatis dolor autem quia. Et aut vel voluptate dolorum. Hic harum recusandae qui sit eum vel cumque rerum.', 1, '2018-03-28 12:24:37', '2018-03-28 12:24:37'),
(166, 33, 'Orland Quigley Jr.', 'Culpa sapiente aliquam nisi ad rerum aspernatur quod. Illo distinctio est excepturi qui dignissimos. Esse repellendus cupiditate repellendus vitae. Deserunt rerum facere vero sit consequatur et.', 3, '2018-03-28 12:24:37', '2018-03-28 12:24:37'),
(167, 3, 'Leda Streich', 'Quos non omnis tempora qui. Itaque est ut sed qui. Nostrum aut ratione et voluptates. Quo esse omnis est minima unde a.', 0, '2018-03-28 12:24:37', '2018-03-28 12:24:37'),
(168, 49, 'Emilie Goyette III', 'Quia doloribus sed dignissimos consectetur aut. Repellendus neque laudantium quo necessitatibus et id. Rem rerum omnis in optio odit qui est.', 3, '2018-03-28 12:24:37', '2018-03-28 12:24:37'),
(169, 24, 'Jessie Douglas', 'Non asperiores consequatur et repellendus molestias asperiores magni. Dicta molestias officia neque unde a voluptatem. Veritatis qui sint delectus. Dolorem in aut tempore eum quo aut eum.', 0, '2018-03-28 12:24:37', '2018-03-28 12:24:37'),
(170, 25, 'Violet Hartmann', 'Eveniet vero et non et dolores iste autem possimus. Sit occaecati consequatur neque possimus eius maxime. Aspernatur fugit porro et eum voluptatem et expedita. Eum facere quia repudiandae delectus unde.', 5, '2018-03-28 12:24:37', '2018-03-28 12:24:37'),
(171, 3, 'Jadyn Langosh', 'Placeat adipisci consequatur possimus quasi. Officia aut aut qui. Excepturi quas omnis iste quia. Quia atque veniam voluptatem sed.', 0, '2018-03-28 12:24:37', '2018-03-28 12:24:37'),
(172, 16, 'Ms. Erna Parker MD', 'Qui id est debitis ab ipsum atque. Eligendi delectus soluta harum repellat magni ut et. Sint vel harum ad occaecati. Harum incidunt sequi sequi necessitatibus.', 1, '2018-03-28 12:24:37', '2018-03-28 12:24:37'),
(173, 50, 'William Lueilwitz', 'Aliquid id ratione voluptatum voluptas hic quisquam dicta. Ut doloribus blanditiis dolorum qui aut minus explicabo.', 3, '2018-03-28 12:24:37', '2018-03-28 12:24:37'),
(174, 36, 'Dr. Carole Tremblay', 'At illo aliquid eius magni quis quibusdam nihil consectetur. Repellat ea libero sunt dolores tempora doloribus iste unde. Deserunt sint enim vero aperiam eveniet laboriosam nesciunt harum. Doloribus sit rerum repellat maiores aut et quibusdam id.', 0, '2018-03-28 12:24:37', '2018-03-28 12:24:37'),
(175, 6, 'Rhiannon Leffler', 'Doloribus impedit eligendi nulla doloribus aperiam iure animi et. Saepe facere nihil et esse inventore. Quibusdam et sunt maxime non.', 0, '2018-03-28 12:24:37', '2018-03-28 12:24:37'),
(176, 12, 'Aubree Ziemann', 'Laudantium numquam qui rerum sed. Vero minus assumenda possimus ut aut voluptas.', 4, '2018-03-28 12:24:37', '2018-03-28 12:24:37'),
(177, 11, 'Vaughn Rowe', 'Eveniet voluptatum eligendi error aperiam sit eos. Nulla dolore ad natus fugiat eveniet voluptatum. Sint sed laboriosam blanditiis dolorem ipsum nulla. Harum aspernatur harum mollitia molestiae voluptas odit.', 5, '2018-03-28 12:24:37', '2018-03-28 12:24:37'),
(178, 9, 'Mitchell Zboncak', 'Dicta atque eaque quas natus sed ut nihil saepe. Quasi ducimus voluptas aut enim sapiente et et.', 1, '2018-03-28 12:24:37', '2018-03-28 12:24:37'),
(179, 26, 'Mr. Kolby Prohaska', 'Officiis explicabo ratione voluptatem reprehenderit dolore consequatur eius nihil. Eum asperiores atque molestiae. Quos quia delectus ut quis similique veniam numquam.', 1, '2018-03-28 12:24:37', '2018-03-28 12:24:37'),
(180, 13, 'Roderick Daniel', 'Maiores ut sed dolores minima. Voluptas quibusdam eligendi non corrupti sequi eius neque. Nihil fugit nihil occaecati sunt. Maxime sed ut reprehenderit voluptatem et asperiores natus.', 0, '2018-03-28 12:24:37', '2018-03-28 12:24:37'),
(181, 40, 'Lambert Weissnat', 'Cupiditate ratione a eum velit quis. Voluptate odio sit asperiores saepe doloribus.', 3, '2018-03-28 12:24:37', '2018-03-28 12:24:37'),
(182, 28, 'Dr. Cleta Wuckert V', 'Nulla non accusamus et ut ad commodi. Quam pariatur ipsa laboriosam dolor et quasi. Quisquam placeat animi minima pariatur voluptas quisquam.', 4, '2018-03-28 12:24:37', '2018-03-28 12:24:37'),
(183, 44, 'Shane Abbott', 'Rerum modi eum excepturi porro sit. Illo corporis harum et ipsam omnis. Ducimus eum rem eos. Beatae omnis odit ad aut qui quae.', 0, '2018-03-28 12:24:37', '2018-03-28 12:24:37'),
(184, 16, 'Kareem Satterfield', 'Minima perspiciatis commodi qui quia est. Officiis saepe ullam quia illum enim id.', 2, '2018-03-28 12:24:37', '2018-03-28 12:24:37'),
(185, 6, 'Miss Evangeline Sawayn', 'Provident perspiciatis quo nemo aspernatur ut magnam natus. Nihil repudiandae enim aut corrupti quos nesciunt libero enim. Est quia magni aperiam corporis ullam deserunt.', 5, '2018-03-28 12:24:38', '2018-03-28 12:24:38'),
(186, 31, 'Gilberto Kemmer', 'Distinctio magni perferendis reprehenderit non ex. Nihil tenetur incidunt sunt. Sit ea mollitia consequatur eum commodi eos consectetur.', 1, '2018-03-28 12:24:38', '2018-03-28 12:24:38'),
(187, 10, 'Rollin Frami', 'Dolorem architecto sint nulla dolores ducimus explicabo. Nostrum est reprehenderit fuga velit et quia quod. Blanditiis magni sit quia ut eius quia unde. Quis earum deserunt rerum fugiat omnis eveniet eligendi.', 2, '2018-03-28 12:24:38', '2018-03-28 12:24:38'),
(188, 35, 'Clifton O\'Reilly', 'Voluptate dignissimos ea quam. Laborum omnis ab est accusantium. Magni quibusdam eum nulla sequi iste.', 1, '2018-03-28 12:24:38', '2018-03-28 12:24:38'),
(189, 28, 'Earnestine Douglas', 'Perferendis dolor ut quaerat et. Et consectetur corporis omnis dolorum necessitatibus occaecati cum vel. Ut vel amet sunt sequi non.', 3, '2018-03-28 12:24:38', '2018-03-28 12:24:38'),
(190, 37, 'Prof. Cassandre Eichmann II', 'Et temporibus deleniti odio placeat. Ut ea quas porro mollitia. Qui iure ab ullam atque.', 1, '2018-03-28 12:24:38', '2018-03-28 12:24:38'),
(191, 37, 'Marty McGlynn II', 'Nam dolor sunt sed culpa nihil atque officiis reiciendis. Sunt ut ut unde ipsum culpa aliquam at earum.', 0, '2018-03-28 12:24:38', '2018-03-28 12:24:38'),
(192, 23, 'Kailyn Mitchell', 'Qui ab veniam illo aspernatur nobis. Tenetur quia aperiam placeat ea consectetur sit tempora veritatis.', 3, '2018-03-28 12:24:38', '2018-03-28 12:24:38'),
(193, 44, 'Carlos Beatty', 'Aut aut dolore earum molestiae. Fugit et rerum voluptatem. Sunt dolore illo reprehenderit veritatis at. Enim aut nihil ipsam labore ut odio ipsum in. Reprehenderit ut consequatur laudantium omnis.', 2, '2018-03-28 12:24:38', '2018-03-28 12:24:38'),
(194, 29, 'Mr. Raymond Johnston MD', 'Magnam eum voluptas et esse odio velit sapiente vitae. At quisquam est rerum sint accusantium. Modi amet nulla repellendus omnis aliquam facilis. Iste amet aut nemo dignissimos pariatur.', 0, '2018-03-28 12:24:38', '2018-03-28 12:24:38'),
(195, 10, 'Mr. Danial Bayer', 'Itaque veritatis doloremque quod. Debitis iure voluptas praesentium nobis vitae incidunt. Sed velit consequuntur libero excepturi aperiam dolor dolorum.', 3, '2018-03-28 12:24:38', '2018-03-28 12:24:38'),
(196, 6, 'Prof. Mark Fisher MD', 'Rerum dolore voluptatum exercitationem eveniet eos. Recusandae sint ea qui adipisci totam voluptatem enim. Ducimus sed animi totam.', 4, '2018-03-28 12:24:38', '2018-03-28 12:24:38'),
(197, 13, 'Ms. Virginia Ondricka', 'Nisi ut veniam ipsam cupiditate sint dolorem nisi. Laborum velit odit ratione et nostrum maxime. Consectetur rerum repudiandae eum fugit.', 0, '2018-03-28 12:24:38', '2018-03-28 12:24:38'),
(198, 28, 'Ova Franecki', 'Eos et quisquam quam quaerat. Magnam sit ea eius rerum. Totam doloribus ex sint quisquam perspiciatis et. Quisquam ut exercitationem quibusdam nisi laboriosam.', 2, '2018-03-28 12:24:38', '2018-03-28 12:24:38'),
(199, 42, 'Miss Camilla Hoeger', 'Labore est sit accusamus ut fugit. Sit quia dolor eius cum reprehenderit quia. Voluptatem doloribus harum laborum quo aut quisquam qui provident. Dicta dolorum id animi unde ut distinctio aliquid.', 5, '2018-03-28 12:24:38', '2018-03-28 12:24:38'),
(200, 4, 'Freeda King', 'Sunt modi est quam aut voluptatem nihil. Voluptates qui et dignissimos consequatur maiores explicabo nulla. Accusantium deserunt placeat eos occaecati quis. Expedita ipsa rerum tenetur fuga.', 0, '2018-03-28 12:24:38', '2018-03-28 12:24:38'),
(201, 21, 'Katelynn Swaniawski', 'Porro ex et libero. Enim fugiat in velit. Cumque est quia corrupti quod id aspernatur voluptas. Quasi omnis rerum sunt cum iure.', 4, '2018-03-28 12:24:38', '2018-03-28 12:24:38'),
(202, 18, 'Lyda Schneider I', 'Ut et saepe est est est. Enim fugiat maiores vel ducimus.', 0, '2018-03-28 12:24:38', '2018-03-28 12:24:38'),
(203, 33, 'Isom Yost DVM', 'Ad tempore dolorum blanditiis eos totam rerum dolor. Facilis et optio eius odio dolores vitae quam. Hic culpa quibusdam ab recusandae.', 2, '2018-03-28 12:24:38', '2018-03-28 12:24:38'),
(204, 13, 'Daron Klocko', 'Sed a quia placeat praesentium repellat cupiditate vel. Fugit doloribus libero sint sed id qui.', 5, '2018-03-28 12:24:38', '2018-03-28 12:24:38'),
(205, 16, 'Nathanael Grimes', 'Dicta neque laboriosam iste sed qui ea distinctio. Qui est sit sunt voluptatem aut commodi itaque.', 0, '2018-03-28 12:24:38', '2018-03-28 12:24:38'),
(206, 29, 'Miss Eleanora Heathcote IV', 'Quibusdam quis debitis nisi nemo cumque. Rerum dolores accusantium id deserunt modi eligendi. Sapiente distinctio veniam vel. Reiciendis error reiciendis in quis voluptatem nesciunt officia.', 3, '2018-03-28 12:24:38', '2018-03-28 12:24:38'),
(207, 5, 'Elias Bernhard', 'Aut totam rerum nihil rerum. Tempora totam ad et voluptatem. Iure architecto consectetur ullam quo. Ullam consequatur adipisci minus voluptatem.', 5, '2018-03-28 12:24:38', '2018-03-28 12:24:38'),
(208, 7, 'Kristin Gulgowski', 'Consequuntur tempore facilis quia nostrum dicta. Corrupti at aut vel. Nobis nulla sunt repellendus consequatur doloribus est molestiae.', 5, '2018-03-28 12:24:38', '2018-03-28 12:24:38'),
(209, 15, 'Noel Sanford DDS', 'Ut ut distinctio iste non enim. Voluptatem omnis minus quam ipsa. Maiores repellendus neque at minus dolorem et in et. Dicta illum et cumque sed.', 3, '2018-03-28 12:24:38', '2018-03-28 12:24:38'),
(210, 12, 'Cierra Thiel', 'Numquam non accusamus sit enim temporibus placeat. Est placeat neque sunt autem sint. Et deserunt atque perferendis temporibus ratione sed. Incidunt perferendis assumenda fugit sed velit est.', 5, '2018-03-28 12:24:38', '2018-03-28 12:24:38'),
(211, 12, 'Dereck Pouros', 'Voluptatem eveniet voluptatum blanditiis. Amet a deleniti exercitationem impedit adipisci et dolor aut. Distinctio aut vero excepturi.', 5, '2018-03-28 12:24:38', '2018-03-28 12:24:38'),
(212, 20, 'Seth Moore', 'Quia temporibus maiores hic nemo aut. Temporibus doloremque ipsa hic nulla qui. Voluptatem id earum minima dolores eligendi.', 1, '2018-03-28 12:24:38', '2018-03-28 12:24:38'),
(213, 26, 'Sigmund Dooley', 'Expedita excepturi aut doloribus suscipit illo. Laboriosam sequi delectus nostrum asperiores. Fuga voluptates cupiditate omnis molestias.', 2, '2018-03-28 12:24:38', '2018-03-28 12:24:38'),
(214, 32, 'Magnus Bechtelar I', 'Repellat consectetur voluptatibus molestiae alias voluptatem deserunt. Enim repellendus nihil dolor. Sed earum omnis unde adipisci officia vel dolor sunt. Pariatur aut nulla quis perferendis qui ut omnis.', 4, '2018-03-28 12:24:38', '2018-03-28 12:24:38'),
(215, 23, 'Glenda Kiehn', 'Ut dignissimos sapiente rerum ut cupiditate id. Aut nihil minima consequatur laboriosam voluptas impedit. Aut quia libero recusandae ipsum in aspernatur sit. Ducimus sunt dicta voluptatem eligendi nam.', 4, '2018-03-28 12:24:38', '2018-03-28 12:24:38');
INSERT INTO `reviews` (`id`, `product_id`, `customer`, `review`, `star`, `created_at`, `updated_at`) VALUES
(216, 21, 'Dr. Charley Keeling DDS', 'Quis voluptatibus quasi accusamus adipisci dignissimos sit aperiam. Ut quos occaecati magni nam. Laboriosam nobis ipsum fuga ut. Iste enim illo nam reprehenderit ut architecto repellendus.', 5, '2018-03-28 12:24:38', '2018-03-28 12:24:38'),
(217, 5, 'Prof. Florine Ortiz MD', 'Nisi dignissimos sit adipisci iusto. Iste blanditiis quia eos qui. Vero occaecati autem reprehenderit excepturi animi aut.', 2, '2018-03-28 12:24:38', '2018-03-28 12:24:38'),
(218, 46, 'Kathlyn Hauck', 'Est similique et ipsum quidem autem doloribus ex impedit. Doloremque veritatis quia expedita aut dolores. Et ut et nihil nobis qui dolorem. Asperiores molestiae ut ad tempora omnis ut ratione.', 1, '2018-03-28 12:24:39', '2018-03-28 12:24:39'),
(219, 31, 'Dewitt Kiehn', 'Inventore enim ut harum inventore perspiciatis ut ratione. Ullam commodi veritatis modi aspernatur pariatur distinctio. Sapiente voluptatem ut eius aspernatur voluptatibus quos. Vero non iusto fugiat tempora dolore.', 0, '2018-03-28 12:24:39', '2018-03-28 12:24:39'),
(220, 28, 'Columbus Kirlin', 'Cupiditate voluptatem error rerum ullam inventore. Quas qui ut aut. Dolore assumenda possimus est facere labore. Consequatur eligendi harum officia.', 1, '2018-03-28 12:24:39', '2018-03-28 12:24:39'),
(221, 23, 'Idell Herzog', 'Animi eum distinctio voluptatem delectus libero. Optio natus quia animi possimus neque alias. Nam nobis assumenda deserunt nihil non. Porro ut dolorum dolorem itaque omnis. Velit totam asperiores sint alias rerum velit id dolor.', 2, '2018-03-28 12:24:39', '2018-03-28 12:24:39'),
(222, 4, 'Mrs. Mabelle Mosciski', 'Voluptas dolor consequatur eius in. Debitis eaque impedit consequatur voluptatem aut distinctio.', 1, '2018-03-28 12:24:39', '2018-03-28 12:24:39'),
(223, 33, 'Justice Conn', 'Asperiores laudantium veritatis sed aliquam accusantium architecto assumenda. Eos aut est maxime quia doloremque eligendi cumque. Quo rerum libero nisi aut earum voluptatem est. Enim et omnis quidem qui in tempora eligendi laboriosam.', 5, '2018-03-28 12:24:39', '2018-03-28 12:24:39'),
(224, 21, 'Pearline Keeling', 'Ea et omnis ut laboriosam ipsam. Eligendi similique et quod voluptas iure. Fugiat corrupti quasi velit ex.', 0, '2018-03-28 12:24:39', '2018-03-28 12:24:39'),
(225, 34, 'Enoch Kemmer', 'Fugit quia at ea animi quia exercitationem. Libero cum harum dolorum commodi qui ab est quasi. Consequatur sunt repudiandae non.', 1, '2018-03-28 12:24:39', '2018-03-28 12:24:39'),
(226, 31, 'Jayne Wiza', 'Iure quam tenetur nostrum et dicta itaque ex. Aut veniam ullam eligendi iure sint. Earum et sit quo iure. Sed aut sit dolorum itaque alias velit reprehenderit.', 4, '2018-03-28 12:24:39', '2018-03-28 12:24:39'),
(227, 23, 'Ebony Jacobs', 'Porro ipsa voluptate nihil. Ad neque perferendis et ea. Quibusdam facere dolores sunt.', 1, '2018-03-28 12:24:39', '2018-03-28 12:24:39'),
(228, 2, 'Mrs. Aglae Funk Sr.', 'Veritatis suscipit qui deserunt aut quidem magni. Non alias id consectetur voluptatibus consequatur aut quia. Iure soluta unde saepe corporis consequuntur.', 3, '2018-03-28 12:24:39', '2018-03-28 12:24:39'),
(229, 34, 'Anahi Wunsch', 'Voluptas odio facere et ullam odit. Iusto sequi fugit officia nulla. Omnis exercitationem libero architecto sint aut neque ad.', 3, '2018-03-28 12:24:39', '2018-03-28 12:24:39'),
(230, 23, 'Albina Predovic', 'Deserunt id rerum iste asperiores accusamus. Commodi et quibusdam fuga ullam. Occaecati nemo veritatis sapiente explicabo vel neque.', 3, '2018-03-28 12:24:39', '2018-03-28 12:24:39'),
(231, 20, 'Prof. Lewis Bergnaum V', 'Nihil iure consectetur facilis ab sit vero nostrum. Beatae vel beatae laboriosam eius amet fugiat. Rerum harum quia perspiciatis nam et placeat accusamus.', 3, '2018-03-28 12:24:39', '2018-03-28 12:24:39'),
(232, 35, 'Roxane Satterfield', 'Rerum aspernatur voluptatem et deleniti nemo. Veniam quia ex a est corrupti non necessitatibus. Fugit consequatur incidunt voluptas rerum beatae. Consequatur eum et corrupti aut doloremque.', 1, '2018-03-28 12:24:39', '2018-03-28 12:24:39'),
(233, 26, 'Mr. Stanford Tromp', 'Quia reprehenderit sunt ducimus vel. Nesciunt dolorem molestiae recusandae. Quae reiciendis maiores ducimus rerum. Nihil omnis ducimus cumque repellendus quidem.', 0, '2018-03-28 12:24:39', '2018-03-28 12:24:39'),
(234, 44, 'Mae Dibbert', 'Praesentium beatae vero quis nemo. Accusamus ab molestiae odio aut dolor. Illo et rem similique sint vel quos.', 1, '2018-03-28 12:24:39', '2018-03-28 12:24:39'),
(235, 16, 'Olen Hegmann', 'Distinctio ipsam dolorum laudantium omnis ut mollitia recusandae. Asperiores reiciendis quia aliquid voluptatem laboriosam repellendus. Voluptas eius qui et quaerat et magni in. Aut est sunt at omnis et illo.', 4, '2018-03-28 12:24:39', '2018-03-28 12:24:39'),
(236, 28, 'Salvatore Gislason', 'Ea minus dicta optio ipsum. Sit blanditiis asperiores sed officia odio est. Dolor voluptates qui hic occaecati et.', 0, '2018-03-28 12:24:39', '2018-03-28 12:24:39'),
(237, 26, 'Ethelyn Ward', 'Ut sed fugit vel consequatur dicta. Omnis aut voluptatem eius omnis aperiam et laudantium.', 4, '2018-03-28 12:24:39', '2018-03-28 12:24:39'),
(238, 29, 'Roxanne VonRueden', 'Officia vel possimus sunt a similique laudantium expedita. Autem fugit id est aut quidem voluptatem. Neque assumenda autem voluptatum sed architecto officia sed deserunt. Dolores qui doloribus quia deserunt autem asperiores.', 4, '2018-03-28 12:24:39', '2018-03-28 12:24:39'),
(239, 45, 'George Mertz', 'Nostrum similique officia aliquid est. Eaque suscipit suscipit illum molestiae occaecati. Facere nisi voluptatem eos tempore enim quia est.', 3, '2018-03-28 12:24:39', '2018-03-28 12:24:39'),
(240, 38, 'Prof. Vito Herman PhD', 'Iusto possimus sint aliquid ratione sequi nostrum sed. Ullam doloremque fugit reprehenderit nemo rerum modi. Molestiae iure vel qui perferendis.', 4, '2018-03-28 12:24:39', '2018-03-28 12:24:39'),
(241, 46, 'Skye Robel', 'Ipsa facere voluptatem earum ut tenetur. Dicta vel rerum consequatur voluptatem sint aut soluta. Maiores libero odio vel sint doloribus consequatur a.', 0, '2018-03-28 12:24:39', '2018-03-28 12:24:39'),
(242, 21, 'Iliana Rath', 'Architecto quia veritatis asperiores et ipsam. Tempora rerum nobis non molestiae voluptatem. Est exercitationem voluptatum voluptas. Dolorem consequatur nemo maxime placeat.', 1, '2018-03-28 12:24:39', '2018-03-28 12:24:39'),
(243, 45, 'Reinhold Pfannerstill', 'Dolorem est rerum et labore et est. Dolorem maiores numquam nihil quis id voluptatem nulla. Qui rerum qui adipisci quod consequatur natus odit et. Possimus et praesentium sunt quia hic.', 3, '2018-03-28 12:24:39', '2018-03-28 12:24:39'),
(244, 13, 'Madyson Cartwright', 'Iure qui expedita laboriosam aspernatur modi. Iste porro id veritatis tempore ut dolores nam. Et ut at a reiciendis. Voluptates cupiditate alias laudantium vero eum voluptas omnis aspernatur.', 4, '2018-03-28 12:24:39', '2018-03-28 12:24:39'),
(245, 24, 'Marcel Medhurst', 'Amet autem incidunt dicta aperiam accusamus quo recusandae ducimus. Ea repellendus molestiae dolorum non illo. Est porro minus non nostrum amet et.', 3, '2018-03-28 12:24:39', '2018-03-28 12:24:39'),
(246, 41, 'Mitchell Schultz', 'Expedita aliquid optio quisquam harum dolorem. Fuga est quo commodi ut. Quo quod possimus qui recusandae laboriosam repellat.', 4, '2018-03-28 12:24:39', '2018-03-28 12:24:39'),
(247, 7, 'Lee Jacobs', 'Omnis rerum ab et dolorem vel nihil. Quas eum facilis dolor aut suscipit.', 1, '2018-03-28 12:24:39', '2018-03-28 12:24:39'),
(248, 4, 'Ms. Laurence Moen', 'Est commodi quia facilis molestiae. Id expedita rerum voluptas et. Enim minus est officiis error repudiandae reiciendis.', 3, '2018-03-28 12:24:39', '2018-03-28 12:24:39'),
(249, 12, 'Lorna Greenholt', 'Saepe iste laboriosam ut sit quos. Iste architecto ea soluta quod beatae sint quae. Officiis ut voluptatibus architecto nobis dolorem.', 5, '2018-03-28 12:24:39', '2018-03-28 12:24:39'),
(250, 1, 'Alexander Gerhold', 'Consectetur dolorum est voluptas qui quisquam. Modi non voluptatibus fuga rerum porro et et. Sunt quibusdam facere magni facere.', 3, '2018-03-28 12:24:39', '2018-03-28 12:24:39'),
(251, 20, 'Sabrina Kozey', 'Aut facilis officia est. Facere consequatur quis sapiente. Et ipsa iusto nesciunt est. Sit corporis qui itaque et non corporis.', 2, '2018-03-28 12:24:39', '2018-03-28 12:24:39'),
(252, 32, 'Michale Osinski', 'Soluta qui voluptas reiciendis. Sit atque nihil similique debitis illo et perspiciatis deserunt. Voluptatem quo ut ipsa corrupti in placeat.', 0, '2018-03-28 12:24:39', '2018-03-28 12:24:39'),
(253, 29, 'Concepcion Hegmann I', 'Sequi assumenda ullam vero distinctio ea debitis beatae. Distinctio voluptatum deserunt ullam ut quisquam. Excepturi dolorem iure quasi blanditiis facere qui et. Aliquid dolorem quibusdam quis doloribus dicta maiores unde.', 2, '2018-03-28 12:24:39', '2018-03-28 12:24:39'),
(254, 47, 'Dr. Mozell Hermiston', 'Beatae mollitia rerum sit natus. Est rerum aliquam et eum ratione quia. Placeat impedit quae sunt magni aut ut tempore. Velit officiis dicta voluptas et rem.', 5, '2018-03-28 12:24:40', '2018-03-28 12:24:40'),
(255, 47, 'Ignatius Fisher', 'Sapiente placeat aut quis similique error. Saepe et aut vero doloremque temporibus. Facilis est sint nihil labore alias fuga consequatur. Iusto et atque aliquid quod.', 0, '2018-03-28 12:24:40', '2018-03-28 12:24:40'),
(256, 12, 'Mrs. Marcelina Bogisich', 'Laborum fugit est adipisci voluptas. Temporibus molestias nemo molestiae minus. Fugit iure sapiente at dolorem.', 3, '2018-03-28 12:24:40', '2018-03-28 12:24:40'),
(257, 21, 'Prof. Kiara Lynch IV', 'Tenetur qui natus quis qui. Accusantium optio nulla mollitia repellat corporis. Error reprehenderit doloribus reprehenderit voluptatibus aut a rerum.', 5, '2018-03-28 12:24:40', '2018-03-28 12:24:40'),
(258, 50, 'Katharina Spencer', 'Tempore cum recusandae molestiae id. Quo quisquam harum qui est sint et repellat. Suscipit id error velit placeat voluptatem unde.', 4, '2018-03-28 12:24:40', '2018-03-28 12:24:40'),
(259, 32, 'Ferne Stroman', 'Commodi quia et voluptatem quas tempore. Earum cupiditate adipisci sunt ea placeat autem. Eum sunt molestiae eum esse aspernatur. Eos asperiores officia assumenda deserunt quis similique fuga porro. Dolores porro ex aut ab dolore.', 5, '2018-03-28 12:24:40', '2018-03-28 12:24:40'),
(260, 27, 'Cassidy Robel MD', 'Dolores laudantium aliquam eligendi quo. Reiciendis ut illum quia unde eligendi quod voluptatem voluptatem. Quis qui ullam sed soluta. Alias id velit voluptates reprehenderit assumenda.', 5, '2018-03-28 12:24:40', '2018-03-28 12:24:40'),
(261, 14, 'Kaci Hodkiewicz Sr.', 'Officiis culpa optio amet in sapiente. Debitis facere ut sit in magnam et molestiae. Vero ratione quam est fuga.', 0, '2018-03-28 12:24:40', '2018-03-28 12:24:40'),
(262, 34, 'Dr. Alec VonRueden', 'Eaque sed dolorem deserunt consectetur amet. Id asperiores voluptatem ut minima consequuntur. Aut optio aut laborum repellat. Delectus eum et vel cum in.', 0, '2018-03-28 12:24:40', '2018-03-28 12:24:40'),
(263, 16, 'Monique Bayer', 'Vel excepturi veritatis qui quaerat. Placeat et tempora non facilis.', 1, '2018-03-28 12:24:40', '2018-03-28 12:24:40'),
(264, 22, 'Ms. Hillary Bauch', 'Voluptates aut facilis sed natus aut eveniet est possimus. Voluptatem quam sit commodi et provident enim. Et qui ab quia praesentium temporibus optio et.', 2, '2018-03-28 12:24:40', '2018-03-28 12:24:40'),
(265, 18, 'Gregorio Murray', 'Iste delectus autem nobis quia eos dicta veritatis. Ut sit voluptatibus eligendi ipsam.', 3, '2018-03-28 12:24:40', '2018-03-28 12:24:40'),
(266, 15, 'Shania Zieme', 'Deleniti repellat doloremque veniam ipsam inventore id officia. Eos quia non ad sed qui. Rerum distinctio consequuntur et id.', 1, '2018-03-28 12:24:40', '2018-03-28 12:24:40'),
(267, 49, 'Curt Bashirian', 'Omnis laborum sunt sed aut vel et aut. Provident rem incidunt totam repudiandae. Quas ut voluptatibus ducimus sequi rerum nesciunt. Culpa itaque recusandae ullam qui commodi. Fugiat ea nihil minus repellat.', 1, '2018-03-28 12:24:40', '2018-03-28 12:24:40'),
(268, 26, 'Dr. Deondre White', 'Itaque qui quam rerum autem fugiat ad deserunt. Deserunt hic minima beatae optio cum. Quia iste alias ducimus dicta quia dicta repudiandae. Laborum distinctio et ex modi voluptatem magni quasi ab. Enim unde beatae nobis vel sint exercitationem culpa.', 4, '2018-03-28 12:24:40', '2018-03-28 12:24:40'),
(269, 33, 'Dr. Anabel Funk PhD', 'Dolorem eius officia iste id. Quasi quidem dolor ut blanditiis vel dolor omnis. Tenetur temporibus placeat sunt esse occaecati.', 1, '2018-03-28 12:24:40', '2018-03-28 12:24:40'),
(270, 17, 'Dasia Johnston', 'Qui ipsa dolores minus aut quos. Atque quis ut dolore id sit exercitationem. Quibusdam molestiae dolores ut esse est dolores minima qui. Unde et minima laudantium repellendus suscipit aliquam consequuntur.', 4, '2018-03-28 12:24:40', '2018-03-28 12:24:40'),
(271, 49, 'Willa Larson', 'Quidem odio quo quo enim debitis. Aperiam tenetur quas harum ipsa nemo debitis. Culpa qui et temporibus voluptate vero.', 5, '2018-03-28 12:24:40', '2018-03-28 12:24:40'),
(272, 9, 'Weston Ratke', 'Quos sit reiciendis dolor rerum fugit natus. Distinctio officia natus velit itaque aut aut. Sed rerum ullam enim sit quo magni.', 1, '2018-03-28 12:24:40', '2018-03-28 12:24:40'),
(273, 18, 'Juvenal Turner V', 'Temporibus aut earum eaque vel et vitae rem. Aspernatur omnis ut adipisci ab ipsam culpa et. Itaque omnis nemo recusandae voluptate in incidunt aut. Nam voluptates non minus sequi omnis ut ea quo.', 1, '2018-03-28 12:24:40', '2018-03-28 12:24:40'),
(274, 28, 'Elmira Swaniawski', 'Aperiam nulla impedit laboriosam nesciunt est optio. Quibusdam aut dolorum eos adipisci sint officiis consequatur. Animi architecto dolore voluptate dicta harum.', 0, '2018-03-28 12:24:40', '2018-03-28 12:24:40'),
(275, 15, 'Ms. Nadia Willms', 'Inventore fuga ut consequatur autem rem. Eligendi ex minus corrupti distinctio. Et ipsa suscipit qui accusantium velit id. Dicta perspiciatis sed ut sit non vitae qui.', 2, '2018-03-28 12:24:40', '2018-03-28 12:24:40'),
(276, 7, 'Prof. Edgar Blanda DDS', 'Velit enim dolor quas recusandae. Voluptate est voluptas eum ipsa molestias ipsam. Omnis aut ea harum ex laboriosam quia sequi.', 2, '2018-03-28 12:24:40', '2018-03-28 12:24:40'),
(277, 4, 'Marion Streich', 'Quibusdam inventore doloribus dolor sed alias quia et nihil. Nisi est omnis non quos sunt consequuntur. Qui corrupti iste impedit voluptatem eos ex eligendi et. Aperiam velit velit est enim incidunt non.', 1, '2018-03-28 12:24:40', '2018-03-28 12:24:40'),
(278, 13, 'Gladyce Schinner DVM', 'Dolores laborum deleniti dolor porro rerum quisquam. Eos omnis neque ducimus asperiores est asperiores. Accusantium et sunt corrupti velit vel mollitia.', 5, '2018-03-28 12:24:40', '2018-03-28 12:24:40'),
(279, 41, 'Mr. Dino Marquardt V', 'Quae voluptatem nam voluptatum odit voluptatum consectetur explicabo soluta. Eius et perferendis id alias eveniet et. A nobis suscipit eum nobis amet. Nostrum rem non impedit occaecati repellat enim sed.', 4, '2018-03-28 12:24:40', '2018-03-28 12:24:40'),
(280, 5, 'Blaze Kuhic', 'Illum sit aut omnis quia non facere illo. Cumque dolores quasi error laborum vel.', 5, '2018-03-28 12:24:40', '2018-03-28 12:24:40'),
(281, 47, 'Maegan Oberbrunner III', 'Eum iste ea eos deleniti itaque. Neque nulla praesentium ut voluptatem aut soluta. Non sit voluptas cumque qui autem iure omnis. Cum a molestias est sint non. Quia delectus eveniet aliquam debitis illum rerum quas.', 3, '2018-03-28 12:24:40', '2018-03-28 12:24:40'),
(282, 40, 'Dr. Dock Hyatt', 'Hic placeat quia eaque molestias est facere. Ea vitae eum eligendi iste. Dolorem harum quam quod sed nulla expedita architecto. Corporis iste eveniet et illo iusto maiores sunt doloremque.', 4, '2018-03-28 12:24:40', '2018-03-28 12:24:40'),
(283, 14, 'Marion Daugherty', 'Eum corrupti beatae nemo rem. Reprehenderit fugit nisi iure at unde consequatur sunt. Ea nihil quod earum facere hic non.', 4, '2018-03-28 12:24:40', '2018-03-28 12:24:40'),
(284, 11, 'Ilene Smith', 'Dignissimos doloribus consequatur repellendus vel. Unde blanditiis nulla nihil dolorum rerum veniam. Nobis tenetur maxime veniam molestiae et aperiam. Quo tempore ea tempore reprehenderit aliquam qui.', 0, '2018-03-28 12:24:40', '2018-03-28 12:24:40'),
(285, 17, 'Alphonso Torp', 'Hic voluptatem aut odit veniam aliquid molestias aut. Maxime odit exercitationem nostrum voluptatem aut dolores aperiam quibusdam. Dignissimos expedita dolores vel error odio delectus. Facilis eius maxime dignissimos porro dolores.', 1, '2018-03-28 12:24:40', '2018-03-28 12:24:40'),
(286, 40, 'Delfina Glover', 'Eius sit debitis ut necessitatibus omnis. Eaque recusandae voluptas totam velit. Consequuntur et in quo ab nostrum culpa.', 0, '2018-03-28 12:24:40', '2018-03-28 12:24:40'),
(287, 15, 'Zackary Crist', 'Harum velit quos iusto nihil magnam et. Animi quo rerum et ut dignissimos.', 3, '2018-03-28 12:24:40', '2018-03-28 12:24:40'),
(288, 47, 'Prof. Fletcher Berge', 'Qui voluptatem quaerat enim ut ea. Quibusdam quia ullam sint quibusdam dolor. Velit vel cum reiciendis natus adipisci. Nemo dolores eaque sed totam sunt accusamus aut.', 0, '2018-03-28 12:24:40', '2018-03-28 12:24:40'),
(289, 39, 'Verner Towne', 'Facere debitis ut voluptas recusandae et ad fuga magnam. Alias unde laudantium id quas ex.', 1, '2018-03-28 12:24:40', '2018-03-28 12:24:40'),
(290, 2, 'Ms. Christy King DVM', 'Dolores enim dolor et. Veniam aut est impedit eos aut exercitationem officiis. Beatae qui repellat sit sunt et. Cum rerum delectus dolor unde. Suscipit consequatur sint quisquam dolore est soluta.', 2, '2018-03-28 12:24:40', '2018-03-28 12:24:40'),
(291, 19, 'Dr. Keeley Emard DVM', 'Porro pariatur magnam iusto fugiat eos. Est id non hic. Dicta fugit consequatur qui autem distinctio ab. Tenetur nemo quo voluptas nulla earum.', 1, '2018-03-28 12:24:41', '2018-03-28 12:24:41'),
(292, 30, 'Mr. Randal Feest III', 'Amet earum sit aspernatur doloremque qui. Est qui molestiae est explicabo possimus iure molestiae.', 5, '2018-03-28 12:24:41', '2018-03-28 12:24:41'),
(293, 27, 'Miss Karlee Koepp', 'Qui voluptatem libero officia exercitationem dolore. Eum voluptatem voluptatem id labore reiciendis impedit ratione expedita. Expedita neque voluptas facilis alias. Et quae rerum blanditiis aliquid voluptatum. Consequatur in voluptatum soluta qui.', 0, '2018-03-28 12:24:41', '2018-03-28 12:24:41'),
(294, 47, 'Miss Melyna Sporer', 'Ea qui possimus eos ipsum expedita iste. Deserunt autem fugiat debitis et. Pariatur minus quia ea autem quasi qui ut. Blanditiis officiis sit explicabo quo.', 3, '2018-03-28 12:24:41', '2018-03-28 12:24:41'),
(295, 43, 'Kassandra Hessel DDS', 'Est sint deserunt fugiat rem eos officia quia. Voluptas officiis unde consequatur. Perferendis magnam ipsa voluptas totam repellat cupiditate.', 1, '2018-03-28 12:24:41', '2018-03-28 12:24:41'),
(296, 48, 'Prof. Lesley O\'Hara III', 'Porro eligendi sed non quo. Aut animi officia iure itaque alias quidem. Ratione non facere voluptates sed consequatur repellat. Corrupti deserunt molestiae quae sunt. Et et saepe libero assumenda et quo.', 1, '2018-03-28 12:24:41', '2018-03-28 12:24:41'),
(297, 48, 'Karine Wilkinson I', 'Et et et et corporis ratione perspiciatis. Et et et culpa enim. Est officiis quae voluptas vel velit dolorem repellendus. Sit ipsam quo et sed cum quia. Libero repudiandae aut voluptatem quasi nisi repellat iste tempore.', 1, '2018-03-28 12:24:41', '2018-03-28 12:24:41'),
(298, 18, 'Tate Yost', 'Nesciunt officiis non blanditiis perspiciatis qui est dicta. Error eos quidem nesciunt nulla tempore velit excepturi.', 0, '2018-03-28 12:24:41', '2018-03-28 12:24:41'),
(299, 18, 'Mr. Jared Lemke MD', 'A adipisci iste totam aut consequatur. Praesentium porro nostrum excepturi quis aliquid. Rerum eligendi odit assumenda ea. Qui sapiente eum tempore quia repellat.', 5, '2018-03-28 12:24:41', '2018-03-28 12:24:41'),
(300, 36, 'Prof. Lizeth Kiehn Jr.', 'Aut vitae tenetur rerum et sit. Autem consequatur hic aut ducimus rem. Voluptatem perferendis autem recusandae similique. Vero et repellendus qui officiis dolore ipsum.', 2, '2018-03-28 12:24:41', '2018-03-28 12:24:41');

-- --------------------------------------------------------

--
-- Table structure for table `users`
--

CREATE TABLE `users` (
  `id` int(10) UNSIGNED NOT NULL,
  `name` varchar(191) COLLATE utf8mb4_unicode_ci NOT NULL,
  `email` varchar(191) COLLATE utf8mb4_unicode_ci NOT NULL,
  `password` varchar(191) COLLATE utf8mb4_unicode_ci NOT NULL,
  `remember_token` varchar(100) COLLATE utf8mb4_unicode_ci DEFAULT NULL,
  `created_at` timestamp NULL DEFAULT NULL,
  `updated_at` timestamp NULL DEFAULT NULL
) ENGINE=InnoDB DEFAULT CHARSET=utf8mb4 COLLATE=utf8mb4_unicode_ci;

--
-- Indexes for dumped tables
--

--
-- Indexes for table `migrations`
--
ALTER TABLE `migrations`
  ADD PRIMARY KEY (`id`);

--
-- Indexes for table `password_resets`
--
ALTER TABLE `password_resets`
  ADD KEY `password_resets_email_index` (`email`);

--
-- Indexes for table `products`
--
ALTER TABLE `products`
  ADD PRIMARY KEY (`id`);

--
-- Indexes for table `reviews`
--
ALTER TABLE `reviews`
  ADD PRIMARY KEY (`id`),
  ADD KEY `reviews_product_id_index` (`product_id`);

--
-- Indexes for table `users`
--
ALTER TABLE `users`
  ADD PRIMARY KEY (`id`),
  ADD UNIQUE KEY `users_email_unique` (`email`);

--
-- AUTO_INCREMENT for dumped tables
--

--
-- AUTO_INCREMENT for table `migrations`
--
ALTER TABLE `migrations`
  MODIFY `id` int(10) UNSIGNED NOT NULL AUTO_INCREMENT, AUTO_INCREMENT=5;

--
-- AUTO_INCREMENT for table `products`
--
ALTER TABLE `products`
  MODIFY `id` int(10) UNSIGNED NOT NULL AUTO_INCREMENT, AUTO_INCREMENT=51;

--
-- AUTO_INCREMENT for table `reviews`
--
ALTER TABLE `reviews`
  MODIFY `id` int(10) UNSIGNED NOT NULL AUTO_INCREMENT, AUTO_INCREMENT=301;

--
-- AUTO_INCREMENT for table `users`
--
ALTER TABLE `users`
  MODIFY `id` int(10) UNSIGNED NOT NULL AUTO_INCREMENT;

--
-- Constraints for dumped tables
--

--
-- Constraints for table `reviews`
--
ALTER TABLE `reviews`
  ADD CONSTRAINT `reviews_product_id_foreign` FOREIGN KEY (`product_id`) REFERENCES `products` (`id`) ON DELETE CASCADE;
COMMIT;

/*!40101 SET CHARACTER_SET_CLIENT=@OLD_CHARACTER_SET_CLIENT */;
/*!40101 SET CHARACTER_SET_RESULTS=@OLD_CHARACTER_SET_RESULTS */;
/*!40101 SET COLLATION_CONNECTION=@OLD_COLLATION_CONNECTION */;
